Year,LocationAbbr,LocationDesc,Topic,Question,DataValue,Latitude,Longitude,Centroid,Category
2016,MS,Mississippi,Arthritis,Fair or poor health among adults aged >= 18 years with arthritis,44.3,32.56642,-89.593164,"{""type"":""Point"", ""coordinates"":[-89.593164,32.56642]}",very high
2014,MS,Mississippi,Arthritis,Fair or poor health among adults aged >= 18 years with arthritis,44.5,32.56642,-89.593164,"{""type"":""Point"", ""coordinates"":[-89.593164,32.56642]}",very high
2013,MS,Mississippi,Arthritis,Fair or poor health among adults aged >= 18 years with arthritis,47.6,32.56642,-89.593164,"{""type"":""Point"", ""coordinates"":[-89.593164,32.56642]}",very high
2017,MS,Mississippi,Arthritis,Fair or poor health among adults aged >= 18 years with arthritis,46.9,32.56642,-89.593164,"{""type"":""Point"", ""coordinates"":[-89.593164,32.56642]}",very high
2014,MS,Mississippi,Arthritis,Fair or poor health among adults aged >= 18 years with arthritis,42.3,32.56642,-89.593164,"{""type"":""Point"", ""coordinates"":[-89.593164,32.56642]}",very high
2015,MS,Mississippi,Arthritis,Fair or poor health among adults aged >= 18 years with arthritis,48.1,32.56642,-89.593164,"{""type"":""Point"", ""coordinates"":[-89.593164,32.56642]}",very high
2016,MS,Mississippi,Arthritis,Fair or poor health among adults aged >= 18 years with arthritis,38.6,32.56642,-89.593164,"{""type"":""Point"", ""coordinates"":[-89.593164,32.56642]}",very high
2017,MS,Mississippi,Arthritis,Fair or poor health among adults aged >= 18 years with arthritis,44.2,32.56642,-89.593164,"{""type"":""Point"", ""coordinates"":[-89.593164,32.56642]}",very high
2013,MS,Mississippi,Arthritis,Fair or poor health among adults aged >= 18 years with arthritis,44.4,32.56642,-89.593164,"{""type"":""Point"", ""coordinates"":[-89.593164,32.56642]}",very high
2015,MS,Mississippi,Arthritis,Fair or poor health among adults aged >= 18 years with arthritis,44.5,32.56642,-89.593164,"{""type"":""Point"", ""coordinates"":[-89.593164,32.56642]}",very high
2013,MT,Montana,Arthritis,Fair or poor health among adults aged >= 18 years with arthritis,30.1,46.813302,-111.209708,"{""type"":""Point"", ""coordinates"":[-111.209708,46.813302]}",low
2015,MT,Montana,Arthritis,Fair or poor health among adults aged >= 18 years with arthritis,31.2,46.813302,-111.209708,"{""type"":""Point"", ""coordinates"":[-111.209708,46.813302]}",middle
2016,MT,Montana,Arthritis,Fair or poor health among adults aged >= 18 years with arthritis,27.9,46.813302,-111.209708,"{""type"":""Point"", ""coordinates"":[-111.209708,46.813302]}",very low
2014,MT,Montana,Arthritis,Fair or poor health among adults aged >= 18 years with arthritis,28.3,46.813302,-111.209708,"{""type"":""Point"", ""coordinates"":[-111.209708,46.813302]}",very low
2017,MT,Montana,Arthritis,Fair or poor health among adults aged >= 18 years with arthritis,31.5,46.813302,-111.209708,"{""type"":""Point"", ""coordinates"":[-111.209708,46.813302]}",middle
2013,MT,Montana,Arthritis,Fair or poor health among adults aged >= 18 years with arthritis,28.0,46.813302,-111.209708,"{""type"":""Point"", ""coordinates"":[-111.209708,46.813302]}",very low
2017,MT,Montana,Arthritis,Fair or poor health among adults aged >= 18 years with arthritis,28.9,46.813302,-111.209708,"{""type"":""Point"", ""coordinates"":[-111.209708,46.813302]}",low
2015,MT,Montana,Arthritis,Fair or poor health among adults aged >= 18 years with arthritis,29.7,46.813302,-111.209708,"{""type"":""Point"", ""coordinates"":[-111.209708,46.813302]}",low
2016,MT,Montana,Arthritis,Fair or poor health among adults aged >= 18 years with arthritis,33.5,46.813302,-111.209708,"{""type"":""Point"", ""coordinates"":[-111.209708,46.813302]}",middle
2014,MT,Montana,Arthritis,Fair or poor health among adults aged >= 18 years with arthritis,30.7,46.813302,-111.209708,"{""type"":""Point"", ""coordinates"":[-111.209708,46.813302]}",low
2013,WA,Washington,Arthritis,Fair or poor health among adults aged >= 18 years with arthritis,29.4,47.341728,-121.624501,"{""type"":""Point"", ""coordinates"":[-121.624501,47.341728]}",low
2015,WA,Washington,Arthritis,Fair or poor health among adults aged >= 18 years with arthritis,29.9,47.341728,-121.624501,"{""type"":""Point"", ""coordinates"":[-121.624501,47.341728]}",low
2017,WA,Washington,Arthritis,Fair or poor health among adults aged >= 18 years with arthritis,33.9,47.341728,-121.624501,"{""type"":""Point"", ""coordinates"":[-121.624501,47.341728]}",high
2016,WA,Washington,Arthritis,Fair or poor health among adults aged >= 18 years with arthritis,28.0,47.341728,-121.624501,"{""type"":""Point"", ""coordinates"":[-121.624501,47.341728]}",very low
2014,WA,Washington,Arthritis,Fair or poor health among adults aged >= 18 years with arthritis,29.6,47.341728,-121.624501,"{""type"":""Point"", ""coordinates"":[-121.624501,47.341728]}",low
2013,WA,Washington,Arthritis,Fair or poor health among adults aged >= 18 years with arthritis,29.3,47.341728,-121.624501,"{""type"":""Point"", ""coordinates"":[-121.624501,47.341728]}",low
2017,WA,Washington,Arthritis,Fair or poor health among adults aged >= 18 years with arthritis,30.4,47.341728,-121.624501,"{""type"":""Point"", ""coordinates"":[-121.624501,47.341728]}",low
2015,WA,Washington,Arthritis,Fair or poor health among adults aged >= 18 years with arthritis,29.4,47.341728,-121.624501,"{""type"":""Point"", ""coordinates"":[-121.624501,47.341728]}",low
2014,WA,Washington,Arthritis,Fair or poor health among adults aged >= 18 years with arthritis,34.6,47.341728,-121.624501,"{""type"":""Point"", ""coordinates"":[-121.624501,47.341728]}",high
2016,WA,Washington,Arthritis,Fair or poor health among adults aged >= 18 years with arthritis,28.6,47.341728,-121.624501,"{""type"":""Point"", ""coordinates"":[-121.624501,47.341728]}",very low
2014,TN,Tennessee,Arthritis,Fair or poor health among adults aged >= 18 years with arthritis,45.9,35.795862,-86.397772,"{""type"":""Point"", ""coordinates"":[-86.397772,35.795862]}",very high
2016,TN,Tennessee,Arthritis,Fair or poor health among adults aged >= 18 years with arthritis,40.2,35.795862,-86.397772,"{""type"":""Point"", ""coordinates"":[-86.397772,35.795862]}",very high
2017,TN,Tennessee,Arthritis,Fair or poor health among adults aged >= 18 years with arthritis,36.7,35.795862,-86.397772,"{""type"":""Point"", ""coordinates"":[-86.397772,35.795862]}",high
2015,TN,Tennessee,Arthritis,Fair or poor health among adults aged >= 18 years with arthritis,37.4,35.795862,-86.397772,"{""type"":""Point"", ""coordinates"":[-86.397772,35.795862]}",high
2014,TN,Tennessee,Arthritis,Fair or poor health among adults aged >= 18 years with arthritis,44.2,35.795862,-86.397772,"{""type"":""Point"", ""coordinates"":[-86.397772,35.795862]}",very high
2013,TN,Tennessee,Arthritis,Fair or poor health among adults aged >= 18 years with arthritis,47.2,35.795862,-86.397772,"{""type"":""Point"", ""coordinates"":[-86.397772,35.795862]}",very high
2017,TN,Tennessee,Arthritis,Fair or poor health among adults aged >= 18 years with arthritis,42.0,35.795862,-86.397772,"{""type"":""Point"", ""coordinates"":[-86.397772,35.795862]}",very high
2013,TN,Tennessee,Arthritis,Fair or poor health among adults aged >= 18 years with arthritis,47.0,35.795862,-86.397772,"{""type"":""Point"", ""coordinates"":[-86.397772,35.795862]}",very high
2015,TN,Tennessee,Arthritis,Fair or poor health among adults aged >= 18 years with arthritis,39.1,35.795862,-86.397772,"{""type"":""Point"", ""coordinates"":[-86.397772,35.795862]}",very high
2016,TN,Tennessee,Arthritis,Fair or poor health among adults aged >= 18 years with arthritis,37.8,35.795862,-86.397772,"{""type"":""Point"", ""coordinates"":[-86.397772,35.795862]}",high
2014,LA,Louisiana,Arthritis,Fair or poor health among adults aged >= 18 years with arthritis,35.4,30.69927,-91.457133,"{""type"":""Point"", ""coordinates"":[-91.457133,30.69927]}",high
2016,LA,Louisiana,Arthritis,Fair or poor health among adults aged >= 18 years with arthritis,43.5,30.69927,-91.457133,"{""type"":""Point"", ""coordinates"":[-91.457133,30.69927]}",very high
2016,LA,Louisiana,Arthritis,Fair or poor health among adults aged >= 18 years with arthritis,42.8,30.69927,-91.457133,"{""type"":""Point"", ""coordinates"":[-91.457133,30.69927]}",very high
2014,LA,Louisiana,Arthritis,Fair or poor health among adults aged >= 18 years with arthritis,40.3,30.69927,-91.457133,"{""type"":""Point"", ""coordinates"":[-91.457133,30.69927]}",very high
2013,LA,Louisiana,Arthritis,Fair or poor health among adults aged >= 18 years with arthritis,40.5,30.69927,-91.457133,"{""type"":""Point"", ""coordinates"":[-91.457133,30.69927]}",very high
2015,LA,Louisiana,Arthritis,Fair or poor health among adults aged >= 18 years with arthritis,40.2,30.69927,-91.457133,"{""type"":""Point"", ""coordinates"":[-91.457133,30.69927]}",very high
2015,LA,Louisiana,Arthritis,Fair or poor health among adults aged >= 18 years with arthritis,42.7,30.69927,-91.457133,"{""type"":""Point"", ""coordinates"":[-91.457133,30.69927]}",very high
2013,LA,Louisiana,Arthritis,Fair or poor health among adults aged >= 18 years with arthritis,44.6,30.69927,-91.457133,"{""type"":""Point"", ""coordinates"":[-91.457133,30.69927]}",very high
2017,LA,Louisiana,Arthritis,Fair or poor health among adults aged >= 18 years with arthritis,41.2,30.69927,-91.457133,"{""type"":""Point"", ""coordinates"":[-91.457133,30.69927]}",very high
2017,LA,Louisiana,Arthritis,Fair or poor health among adults aged >= 18 years with arthritis,43.9,30.69927,-91.457133,"{""type"":""Point"", ""coordinates"":[-91.457133,30.69927]}",very high
2017,KS,Kansas,Arthritis,Fair or poor health among adults aged >= 18 years with arthritis,33.4,38.454303,-96.536052,"{""type"":""Point"", ""coordinates"":[-96.536052,38.454303]}",middle
2015,KS,Kansas,Arthritis,Fair or poor health among adults aged >= 18 years with arthritis,28.9,38.454303,-96.536052,"{""type"":""Point"", ""coordinates"":[-96.536052,38.454303]}",low
2013,KS,Kansas,Arthritis,Fair or poor health among adults aged >= 18 years with arthritis,31.0,38.454303,-96.536052,"{""type"":""Point"", ""coordinates"":[-96.536052,38.454303]}",middle
2014,KS,Kansas,Arthritis,Fair or poor health among adults aged >= 18 years with arthritis,30.0,38.454303,-96.536052,"{""type"":""Point"", ""coordinates"":[-96.536052,38.454303]}",low
2015,KS,Kansas,Arthritis,Fair or poor health among adults aged >= 18 years with arthritis,31.8,38.454303,-96.536052,"{""type"":""Point"", ""coordinates"":[-96.536052,38.454303]}",middle
2013,KS,Kansas,Arthritis,Fair or poor health among adults aged >= 18 years with arthritis,31.4,38.454303,-96.536052,"{""type"":""Point"", ""coordinates"":[-96.536052,38.454303]}",middle
2016,KS,Kansas,Arthritis,Fair or poor health among adults aged >= 18 years with arthritis,29.6,38.454303,-96.536052,"{""type"":""Point"", ""coordinates"":[-96.536052,38.454303]}",low
2014,KS,Kansas,Arthritis,Fair or poor health among adults aged >= 18 years with arthritis,31.6,38.454303,-96.536052,"{""type"":""Point"", ""coordinates"":[-96.536052,38.454303]}",middle
2017,KS,Kansas,Arthritis,Fair or poor health among adults aged >= 18 years with arthritis,34.3,38.454303,-96.536052,"{""type"":""Point"", ""coordinates"":[-96.536052,38.454303]}",high
2016,KS,Kansas,Arthritis,Fair or poor health among adults aged >= 18 years with arthritis,31.0,38.454303,-96.536052,"{""type"":""Point"", ""coordinates"":[-96.536052,38.454303]}",middle
2015,PA,Pennsylvania,Arthritis,Fair or poor health among adults aged >= 18 years with arthritis,27.4,40.463528,-77.075925,"{""type"":""Point"", ""coordinates"":[-77.075925,40.463528]}",very low
2013,PA,Pennsylvania,Arthritis,Fair or poor health among adults aged >= 18 years with arthritis,33.6,40.463528,-77.075925,"{""type"":""Point"", ""coordinates"":[-77.075925,40.463528]}",middle
2014,PA,Pennsylvania,Arthritis,Fair or poor health among adults aged >= 18 years with arthritis,30.5,40.463528,-77.075925,"{""type"":""Point"", ""coordinates"":[-77.075925,40.463528]}",low
2014,PA,Pennsylvania,Arthritis,Fair or poor health among adults aged >= 18 years with arthritis,31.7,40.463528,-77.075925,"{""type"":""Point"", ""coordinates"":[-77.075925,40.463528]}",middle
2016,PA,Pennsylvania,Arthritis,Fair or poor health among adults aged >= 18 years with arthritis,31.5,40.463528,-77.075925,"{""type"":""Point"", ""coordinates"":[-77.075925,40.463528]}",middle
2015,PA,Pennsylvania,Arthritis,Fair or poor health among adults aged >= 18 years with arthritis,30.6,40.463528,-77.075925,"{""type"":""Point"", ""coordinates"":[-77.075925,40.463528]}",low
2016,PA,Pennsylvania,Arthritis,Fair or poor health among adults aged >= 18 years with arthritis,31.2,40.463528,-77.075925,"{""type"":""Point"", ""coordinates"":[-77.075925,40.463528]}",middle
2017,PA,Pennsylvania,Arthritis,Fair or poor health among adults aged >= 18 years with arthritis,33.9,40.463528,-77.075925,"{""type"":""Point"", ""coordinates"":[-77.075925,40.463528]}",high
2013,PA,Pennsylvania,Arthritis,Fair or poor health among adults aged >= 18 years with arthritis,31.0,40.463528,-77.075925,"{""type"":""Point"", ""coordinates"":[-77.075925,40.463528]}",middle
2017,PA,Pennsylvania,Arthritis,Fair or poor health among adults aged >= 18 years with arthritis,39.2,40.463528,-77.075925,"{""type"":""Point"", ""coordinates"":[-77.075925,40.463528]}",very high
2013,ND,North Dakota,Arthritis,Fair or poor health among adults aged >= 18 years with arthritis,32.0,47.375168,-99.334736,"{""type"":""Point"", ""coordinates"":[-99.334736,47.375168]}",middle
2017,ND,North Dakota,Arthritis,Fair or poor health among adults aged >= 18 years with arthritis,30.7,47.375168,-99.334736,"{""type"":""Point"", ""coordinates"":[-99.334736,47.375168]}",low
2015,ND,North Dakota,Arthritis,Fair or poor health among adults aged >= 18 years with arthritis,28.8,47.375168,-99.334736,"{""type"":""Point"", ""coordinates"":[-99.334736,47.375168]}",low
2014,ND,North Dakota,Arthritis,Fair or poor health among adults aged >= 18 years with arthritis,28.2,47.375168,-99.334736,"{""type"":""Point"", ""coordinates"":[-99.334736,47.375168]}",very low
2016,ND,North Dakota,Arthritis,Fair or poor health among adults aged >= 18 years with arthritis,32.1,47.375168,-99.334736,"{""type"":""Point"", ""coordinates"":[-99.334736,47.375168]}",middle
2015,ND,North Dakota,Arthritis,Fair or poor health among adults aged >= 18 years with arthritis,25.2,47.375168,-99.334736,"{""type"":""Point"", ""coordinates"":[-99.334736,47.375168]}",very low
2017,ND,North Dakota,Arthritis,Fair or poor health among adults aged >= 18 years with arthritis,31.6,47.375168,-99.334736,"{""type"":""Point"", ""coordinates"":[-99.334736,47.375168]}",middle
2014,ND,North Dakota,Arthritis,Fair or poor health among adults aged >= 18 years with arthritis,29.6,47.375168,-99.334736,"{""type"":""Point"", ""coordinates"":[-99.334736,47.375168]}",low
2016,ND,North Dakota,Arthritis,Fair or poor health among adults aged >= 18 years with arthritis,30.4,47.375168,-99.334736,"{""type"":""Point"", ""coordinates"":[-99.334736,47.375168]}",low
2013,ND,North Dakota,Arthritis,Fair or poor health among adults aged >= 18 years with arthritis,34.0,47.375168,-99.334736,"{""type"":""Point"", ""coordinates"":[-99.334736,47.375168]}",high
2016,MN,Minnesota,Arthritis,Fair or poor health among adults aged >= 18 years with arthritis,26.2,45.210782,-93.583003,"{""type"":""Point"", ""coordinates"":[-93.583003,45.210782]}",very low
2014,MN,Minnesota,Arthritis,Fair or poor health among adults aged >= 18 years with arthritis,26.6,45.210782,-93.583003,"{""type"":""Point"", ""coordinates"":[-93.583003,45.210782]}",very low
2013,MN,Minnesota,Arthritis,Fair or poor health among adults aged >= 18 years with arthritis,28.3,45.210782,-93.583003,"{""type"":""Point"", ""coordinates"":[-93.583003,45.210782]}",very low
2016,MN,Minnesota,Arthritis,Fair or poor health among adults aged >= 18 years with arthritis,26.1,45.210782,-93.583003,"{""type"":""Point"", ""coordinates"":[-93.583003,45.210782]}",very low
2017,MN,Minnesota,Arthritis,Fair or poor health among adults aged >= 18 years with arthritis,27.6,45.210782,-93.583003,"{""type"":""Point"", ""coordinates"":[-93.583003,45.210782]}",very low
2015,MN,Minnesota,Arthritis,Fair or poor health among adults aged >= 18 years with arthritis,27.7,45.210782,-93.583003,"{""type"":""Point"", ""coordinates"":[-93.583003,45.210782]}",very low
2014,MN,Minnesota,Arthritis,Fair or poor health among adults aged >= 18 years with arthritis,26.8,45.210782,-93.583003,"{""type"":""Point"", ""coordinates"":[-93.583003,45.210782]}",very low
2015,MN,Minnesota,Arthritis,Fair or poor health among adults aged >= 18 years with arthritis,25.8,45.210782,-93.583003,"{""type"":""Point"", ""coordinates"":[-93.583003,45.210782]}",very low
2013,MN,Minnesota,Arthritis,Fair or poor health among adults aged >= 18 years with arthritis,28.2,45.210782,-93.583003,"{""type"":""Point"", ""coordinates"":[-93.583003,45.210782]}",very low
2017,MN,Minnesota,Arthritis,Fair or poor health among adults aged >= 18 years with arthritis,28.3,45.210782,-93.583003,"{""type"":""Point"", ""coordinates"":[-93.583003,45.210782]}",very low
2015,ID,Idaho,Arthritis,Fair or poor health among adults aged >= 18 years with arthritis,27.2,44.242605,-115.133222,"{""type"":""Point"", ""coordinates"":[-115.133222,44.242605]}",very low
2017,ID,Idaho,Arthritis,Fair or poor health among adults aged >= 18 years with arthritis,32.6,44.242605,-115.133222,"{""type"":""Point"", ""coordinates"":[-115.133222,44.242605]}",middle
2017,ID,Idaho,Arthritis,Fair or poor health among adults aged >= 18 years with arthritis,30.1,44.242605,-115.133222,"{""type"":""Point"", ""coordinates"":[-115.133222,44.242605]}",low
2014,ID,Idaho,Arthritis,Fair or poor health among adults aged >= 18 years with arthritis,28.3,44.242605,-115.133222,"{""type"":""Point"", ""coordinates"":[-115.133222,44.242605]}",very low
2015,ID,Idaho,Arthritis,Fair or poor health among adults aged >= 18 years with arthritis,27.1,44.242605,-115.133222,"{""type"":""Point"", ""coordinates"":[-115.133222,44.242605]}",very low
2013,ID,Idaho,Arthritis,Fair or poor health among adults aged >= 18 years with arthritis,30.1,44.242605,-115.133222,"{""type"":""Point"", ""coordinates"":[-115.133222,44.242605]}",low
2016,ID,Idaho,Arthritis,Fair or poor health among adults aged >= 18 years with arthritis,35.5,44.242605,-115.133222,"{""type"":""Point"", ""coordinates"":[-115.133222,44.242605]}",high
2016,ID,Idaho,Arthritis,Fair or poor health among adults aged >= 18 years with arthritis,32.6,44.242605,-115.133222,"{""type"":""Point"", ""coordinates"":[-115.133222,44.242605]}",middle
2013,ID,Idaho,Arthritis,Fair or poor health among adults aged >= 18 years with arthritis,28.9,44.242605,-115.133222,"{""type"":""Point"", ""coordinates"":[-115.133222,44.242605]}",low
2014,ID,Idaho,Arthritis,Fair or poor health among adults aged >= 18 years with arthritis,26.7,44.242605,-115.133222,"{""type"":""Point"", ""coordinates"":[-115.133222,44.242605]}",very low
2016,MD,Maryland,Arthritis,Fair or poor health among adults aged >= 18 years with arthritis,26.6,39.145653,-76.797396,"{""type"":""Point"", ""coordinates"":[-76.797396,39.145653]}",very low
2014,MD,Maryland,Arthritis,Fair or poor health among adults aged >= 18 years with arthritis,27.0,39.145653,-76.797396,"{""type"":""Point"", ""coordinates"":[-76.797396,39.145653]}",very low
2016,MD,Maryland,Arthritis,Fair or poor health among adults aged >= 18 years with arthritis,23.5,39.145653,-76.797396,"{""type"":""Point"", ""coordinates"":[-76.797396,39.145653]}",very low
2014,MD,Maryland,Arthritis,Fair or poor health among adults aged >= 18 years with arthritis,27.2,39.145653,-76.797396,"{""type"":""Point"", ""coordinates"":[-76.797396,39.145653]}",very low
2013,MD,Maryland,Arthritis,Fair or poor health among adults aged >= 18 years with arthritis,21.0,39.145653,-76.797396,"{""type"":""Point"", ""coordinates"":[-76.797396,39.145653]}",very low
2015,MD,Maryland,Arthritis,Fair or poor health among adults aged >= 18 years with arthritis,33.1,39.145653,-76.797396,"{""type"":""Point"", ""coordinates"":[-76.797396,39.145653]}",middle
2017,MD,Maryland,Arthritis,Fair or poor health among adults aged >= 18 years with arthritis,32.9,39.145653,-76.797396,"{""type"":""Point"", ""coordinates"":[-76.797396,39.145653]}",middle
2013,MD,Maryland,Arthritis,Fair or poor health among adults aged >= 18 years with arthritis,27.9,39.145653,-76.797396,"{""type"":""Point"", ""coordinates"":[-76.797396,39.145653]}",very low
2015,MD,Maryland,Arthritis,Fair or poor health among adults aged >= 18 years with arthritis,29.4,39.145653,-76.797396,"{""type"":""Point"", ""coordinates"":[-76.797396,39.145653]}",low
2017,MD,Maryland,Arthritis,Fair or poor health among adults aged >= 18 years with arthritis,30.4,39.145653,-76.797396,"{""type"":""Point"", ""coordinates"":[-76.797396,39.145653]}",low
2016,NY,New York,Arthritis,Fair or poor health among adults aged >= 18 years with arthritis,33.9,41.507548,-74.645228,"{""type"":""Point"", ""coordinates"":[-74.645228,41.507548]}",high
2014,NY,New York,Arthritis,Fair or poor health among adults aged >= 18 years with arthritis,33.8,41.507548,-74.645228,"{""type"":""Point"", ""coordinates"":[-74.645228,41.507548]}",high
2013,NY,New York,Arthritis,Fair or poor health among adults aged >= 18 years with arthritis,35.1,41.507548,-74.645228,"{""type"":""Point"", ""coordinates"":[-74.645228,41.507548]}",high
2014,NY,New York,Arthritis,Fair or poor health among adults aged >= 18 years with arthritis,31.8,41.507548,-74.645228,"{""type"":""Point"", ""coordinates"":[-74.645228,41.507548]}",middle
2017,NY,New York,Arthritis,Fair or poor health among adults aged >= 18 years with arthritis,35.0,41.507548,-74.645228,"{""type"":""Point"", ""coordinates"":[-74.645228,41.507548]}",high
2016,NY,New York,Arthritis,Fair or poor health among adults aged >= 18 years with arthritis,33.5,41.507548,-74.645228,"{""type"":""Point"", ""coordinates"":[-74.645228,41.507548]}",middle
2015,NY,New York,Arthritis,Fair or poor health among adults aged >= 18 years with arthritis,32.0,41.507548,-74.645228,"{""type"":""Point"", ""coordinates"":[-74.645228,41.507548]}",middle
2013,NY,New York,Arthritis,Fair or poor health among adults aged >= 18 years with arthritis,29.1,41.507548,-74.645228,"{""type"":""Point"", ""coordinates"":[-74.645228,41.507548]}",low
2015,NY,New York,Arthritis,Fair or poor health among adults aged >= 18 years with arthritis,30.1,41.507548,-74.645228,"{""type"":""Point"", ""coordinates"":[-74.645228,41.507548]}",low
2017,NY,New York,Arthritis,Fair or poor health among adults aged >= 18 years with arthritis,34.5,41.507548,-74.645228,"{""type"":""Point"", ""coordinates"":[-74.645228,41.507548]}",high
2015,TX,Texas,Arthritis,Fair or poor health among adults aged >= 18 years with arthritis,38.0,30.943149,-97.388631,"{""type"":""Point"", ""coordinates"":[-97.388631,30.943149]}",high
2017,TX,Texas,Arthritis,Fair or poor health among adults aged >= 18 years with arthritis,39.4,30.943149,-97.388631,"{""type"":""Point"", ""coordinates"":[-97.388631,30.943149]}",very high
2013,TX,Texas,Arthritis,Fair or poor health among adults aged >= 18 years with arthritis,39.8,30.943149,-97.388631,"{""type"":""Point"", ""coordinates"":[-97.388631,30.943149]}",very high
2016,TX,Texas,Arthritis,Fair or poor health among adults aged >= 18 years with arthritis,38.4,30.943149,-97.388631,"{""type"":""Point"", ""coordinates"":[-97.388631,30.943149]}",very high
2017,TX,Texas,Arthritis,Fair or poor health among adults aged >= 18 years with arthritis,40.3,30.943149,-97.388631,"{""type"":""Point"", ""coordinates"":[-97.388631,30.943149]}",very high
2015,TX,Texas,Arthritis,Fair or poor health among adults aged >= 18 years with arthritis,39.3,30.943149,-97.388631,"{""type"":""Point"", ""coordinates"":[-97.388631,30.943149]}",very high
2013,TX,Texas,Arthritis,Fair or poor health among adults aged >= 18 years with arthritis,39.4,30.943149,-97.388631,"{""type"":""Point"", ""coordinates"":[-97.388631,30.943149]}",very high
2014,TX,Texas,Arthritis,Fair or poor health among adults aged >= 18 years with arthritis,35.9,30.943149,-97.388631,"{""type"":""Point"", ""coordinates"":[-97.388631,30.943149]}",high
2014,TX,Texas,Arthritis,Fair or poor health among adults aged >= 18 years with arthritis,39.8,30.943149,-97.388631,"{""type"":""Point"", ""coordinates"":[-97.388631,30.943149]}",very high
2016,TX,Texas,Arthritis,Fair or poor health among adults aged >= 18 years with arthritis,38.3,30.943149,-97.388631,"{""type"":""Point"", ""coordinates"":[-97.388631,30.943149]}",high
2014,NV,Nevada,Arthritis,Fair or poor health among adults aged >= 18 years with arthritis,32.4,37.165965,-116.304648,"{""type"":""Point"", ""coordinates"":[-116.304648,37.165965]}",middle
2016,NV,Nevada,Arthritis,Fair or poor health among adults aged >= 18 years with arthritis,36.2,37.165965,-116.304648,"{""type"":""Point"", ""coordinates"":[-116.304648,37.165965]}",high
2015,NV,Nevada,Arthritis,Fair or poor health among adults aged >= 18 years with arthritis,33.9,37.165965,-116.304648,"{""type"":""Point"", ""coordinates"":[-116.304648,37.165965]}",high
2017,NV,Nevada,Arthritis,Fair or poor health among adults aged >= 18 years with arthritis,35.6,37.165965,-116.304648,"{""type"":""Point"", ""coordinates"":[-116.304648,37.165965]}",high
2016,NV,Nevada,Arthritis,Fair or poor health among adults aged >= 18 years with arthritis,36.1,37.165965,-116.304648,"{""type"":""Point"", ""coordinates"":[-116.304648,37.165965]}",high
2014,NV,Nevada,Arthritis,Fair or poor health among adults aged >= 18 years with arthritis,33.7,37.165965,-116.304648,"{""type"":""Point"", ""coordinates"":[-116.304648,37.165965]}",middle
2017,NV,Nevada,Arthritis,Fair or poor health among adults aged >= 18 years with arthritis,33.8,37.165965,-116.304648,"{""type"":""Point"", ""coordinates"":[-116.304648,37.165965]}",high
2013,NV,Nevada,Arthritis,Fair or poor health among adults aged >= 18 years with arthritis,31.4,37.165965,-116.304648,"{""type"":""Point"", ""coordinates"":[-116.304648,37.165965]}",middle
2013,NV,Nevada,Arthritis,Fair or poor health among adults aged >= 18 years with arthritis,30.1,37.165965,-116.304648,"{""type"":""Point"", ""coordinates"":[-116.304648,37.165965]}",low
2015,NV,Nevada,Arthritis,Fair or poor health among adults aged >= 18 years with arthritis,32.7,37.165965,-116.304648,"{""type"":""Point"", ""coordinates"":[-116.304648,37.165965]}",middle
2013,SC,South Carolina,Arthritis,Fair or poor health among adults aged >= 18 years with arthritis,36.8,34.034551,-81.032387,"{""type"":""Point"", ""coordinates"":[-81.032387,34.034551]}",high
2017,SC,South Carolina,Arthritis,Fair or poor health among adults aged >= 18 years with arthritis,35.7,34.034551,-81.032387,"{""type"":""Point"", ""coordinates"":[-81.032387,34.034551]}",high
2015,SC,South Carolina,Arthritis,Fair or poor health among adults aged >= 18 years with arthritis,35.0,34.034551,-81.032387,"{""type"":""Point"", ""coordinates"":[-81.032387,34.034551]}",high
2014,SC,South Carolina,Arthritis,Fair or poor health among adults aged >= 18 years with arthritis,38.1,34.034551,-81.032387,"{""type"":""Point"", ""coordinates"":[-81.032387,34.034551]}",high
2016,SC,South Carolina,Arthritis,Fair or poor health among adults aged >= 18 years with arthritis,39.1,34.034551,-81.032387,"{""type"":""Point"", ""coordinates"":[-81.032387,34.034551]}",very high
2013,SC,South Carolina,Arthritis,Fair or poor health among adults aged >= 18 years with arthritis,38.7,34.034551,-81.032387,"{""type"":""Point"", ""coordinates"":[-81.032387,34.034551]}",very high
2015,SC,South Carolina,Arthritis,Fair or poor health among adults aged >= 18 years with arthritis,37.5,34.034551,-81.032387,"{""type"":""Point"", ""coordinates"":[-81.032387,34.034551]}",high
2017,SC,South Carolina,Arthritis,Fair or poor health among adults aged >= 18 years with arthritis,37.0,34.034551,-81.032387,"{""type"":""Point"", ""coordinates"":[-81.032387,34.034551]}",high
2016,SC,South Carolina,Arthritis,Fair or poor health among adults aged >= 18 years with arthritis,34.7,34.034551,-81.032387,"{""type"":""Point"", ""coordinates"":[-81.032387,34.034551]}",high
2014,SC,South Carolina,Arthritis,Fair or poor health among adults aged >= 18 years with arthritis,35.6,34.034551,-81.032387,"{""type"":""Point"", ""coordinates"":[-81.032387,34.034551]}",high
2016,VT,Vermont,Arthritis,Fair or poor health among adults aged >= 18 years with arthritis,27.3,44.081127,-72.814309,"{""type"":""Point"", ""coordinates"":[-72.814309,44.081127]}",very low
2014,VT,Vermont,Arthritis,Fair or poor health among adults aged >= 18 years with arthritis,24.6,44.081127,-72.814309,"{""type"":""Point"", ""coordinates"":[-72.814309,44.081127]}",very low
2017,VT,Vermont,Arthritis,Fair or poor health among adults aged >= 18 years with arthritis,29.7,44.081127,-72.814309,"{""type"":""Point"", ""coordinates"":[-72.814309,44.081127]}",low
2015,VT,Vermont,Arthritis,Fair or poor health among adults aged >= 18 years with arthritis,25.6,44.081127,-72.814309,"{""type"":""Point"", ""coordinates"":[-72.814309,44.081127]}",very low
2013,VT,Vermont,Arthritis,Fair or poor health among adults aged >= 18 years with arthritis,28.6,44.081127,-72.814309,"{""type"":""Point"", ""coordinates"":[-72.814309,44.081127]}",very low
2015,VT,Vermont,Arthritis,Fair or poor health among adults aged >= 18 years with arthritis,28.0,44.081127,-72.814309,"{""type"":""Point"", ""coordinates"":[-72.814309,44.081127]}",very low
2017,VT,Vermont,Arthritis,Fair or poor health among adults aged >= 18 years with arthritis,30.5,44.081127,-72.814309,"{""type"":""Point"", ""coordinates"":[-72.814309,44.081127]}",low
2014,VT,Vermont,Arthritis,Fair or poor health among adults aged >= 18 years with arthritis,26.8,44.081127,-72.814309,"{""type"":""Point"", ""coordinates"":[-72.814309,44.081127]}",very low
2016,VT,Vermont,Arthritis,Fair or poor health among adults aged >= 18 years with arthritis,27.8,44.081127,-72.814309,"{""type"":""Point"", ""coordinates"":[-72.814309,44.081127]}",very low
2013,VT,Vermont,Arthritis,Fair or poor health among adults aged >= 18 years with arthritis,26.3,44.081127,-72.814309,"{""type"":""Point"", ""coordinates"":[-72.814309,44.081127]}",very low
2016,WI,Wisconsin,Arthritis,Fair or poor health among adults aged >= 18 years with arthritis,33.1,43.728544,-89.001006,"{""type"":""Point"", ""coordinates"":[-89.001006,43.728544]}",middle
2014,WI,Wisconsin,Arthritis,Fair or poor health among adults aged >= 18 years with arthritis,30.6,43.728544,-89.001006,"{""type"":""Point"", ""coordinates"":[-89.001006,43.728544]}",low
2014,WI,Wisconsin,Arthritis,Fair or poor health among adults aged >= 18 years with arthritis,30.3,43.728544,-89.001006,"{""type"":""Point"", ""coordinates"":[-89.001006,43.728544]}",low
2016,WI,Wisconsin,Arthritis,Fair or poor health among adults aged >= 18 years with arthritis,30.4,43.728544,-89.001006,"{""type"":""Point"", ""coordinates"":[-89.001006,43.728544]}",low
2017,WI,Wisconsin,Arthritis,Fair or poor health among adults aged >= 18 years with arthritis,30.3,43.728544,-89.001006,"{""type"":""Point"", ""coordinates"":[-89.001006,43.728544]}",low
2015,WI,Wisconsin,Arthritis,Fair or poor health among adults aged >= 18 years with arthritis,28.8,43.728544,-89.001006,"{""type"":""Point"", ""coordinates"":[-89.001006,43.728544]}",low
2013,WI,Wisconsin,Arthritis,Fair or poor health among adults aged >= 18 years with arthritis,31.3,43.728544,-89.001006,"{""type"":""Point"", ""coordinates"":[-89.001006,43.728544]}",middle
2015,WI,Wisconsin,Arthritis,Fair or poor health among adults aged >= 18 years with arthritis,25.2,43.728544,-89.001006,"{""type"":""Point"", ""coordinates"":[-89.001006,43.728544]}",very low
2013,WI,Wisconsin,Arthritis,Fair or poor health among adults aged >= 18 years with arthritis,33.0,43.728544,-89.001006,"{""type"":""Point"", ""coordinates"":[-89.001006,43.728544]}",middle
2017,WI,Wisconsin,Arthritis,Fair or poor health among adults aged >= 18 years with arthritis,32.3,43.728544,-89.001006,"{""type"":""Point"", ""coordinates"":[-89.001006,43.728544]}",middle
2016,IN,Indiana,Arthritis,Fair or poor health among adults aged >= 18 years with arthritis,36.2,40.163935,-86.261515,"{""type"":""Point"", ""coordinates"":[-86.261515,40.163935]}",high
2014,IN,Indiana,Arthritis,Fair or poor health among adults aged >= 18 years with arthritis,36.1,40.163935,-86.261515,"{""type"":""Point"", ""coordinates"":[-86.261515,40.163935]}",high
2014,IN,Indiana,Arthritis,Fair or poor health among adults aged >= 18 years with arthritis,35.0,40.163935,-86.261515,"{""type"":""Point"", ""coordinates"":[-86.261515,40.163935]}",high
2016,IN,Indiana,Arthritis,Fair or poor health among adults aged >= 18 years with arthritis,35.1,40.163935,-86.261515,"{""type"":""Point"", ""coordinates"":[-86.261515,40.163935]}",high
2013,IN,Indiana,Arthritis,Fair or poor health among adults aged >= 18 years with arthritis,36.1,40.163935,-86.261515,"{""type"":""Point"", ""coordinates"":[-86.261515,40.163935]}",high
2015,IN,Indiana,Arthritis,Fair or poor health among adults aged >= 18 years with arthritis,36.0,40.163935,-86.261515,"{""type"":""Point"", ""coordinates"":[-86.261515,40.163935]}",high
2017,IN,Indiana,Arthritis,Fair or poor health among adults aged >= 18 years with arthritis,39.7,40.163935,-86.261515,"{""type"":""Point"", ""coordinates"":[-86.261515,40.163935]}",very high
2015,IN,Indiana,Arthritis,Fair or poor health among adults aged >= 18 years with arthritis,34.5,40.163935,-86.261515,"{""type"":""Point"", ""coordinates"":[-86.261515,40.163935]}",high
2017,IN,Indiana,Arthritis,Fair or poor health among adults aged >= 18 years with arthritis,39.3,40.163935,-86.261515,"{""type"":""Point"", ""coordinates"":[-86.261515,40.163935]}",very high
2013,IN,Indiana,Arthritis,Fair or poor health among adults aged >= 18 years with arthritis,34.2,40.163935,-86.261515,"{""type"":""Point"", ""coordinates"":[-86.261515,40.163935]}",high
2017,AK,Alaska,Arthritis,Fair or poor health among adults aged >= 18 years with arthritis,32.0,61.288254,-148.716968,"{""type"":""Point"", ""coordinates"":[-148.716968,61.288254]}",middle
2013,AK,Alaska,Arthritis,Fair or poor health among adults aged >= 18 years with arthritis,31.6,61.288254,-148.716968,"{""type"":""Point"", ""coordinates"":[-148.716968,61.288254]}",middle
2015,AK,Alaska,Arthritis,Fair or poor health among adults aged >= 18 years with arthritis,29.8,61.288254,-148.716968,"{""type"":""Point"", ""coordinates"":[-148.716968,61.288254]}",low
2017,AK,Alaska,Arthritis,Fair or poor health among adults aged >= 18 years with arthritis,32.4,61.288254,-148.716968,"{""type"":""Point"", ""coordinates"":[-148.716968,61.288254]}",middle
2014,AK,Alaska,Arthritis,Fair or poor health among adults aged >= 18 years with arthritis,28.7,61.288254,-148.716968,"{""type"":""Point"", ""coordinates"":[-148.716968,61.288254]}",low
2016,AK,Alaska,Arthritis,Fair or poor health among adults aged >= 18 years with arthritis,28.0,61.288254,-148.716968,"{""type"":""Point"", ""coordinates"":[-148.716968,61.288254]}",very low
2016,AK,Alaska,Arthritis,Fair or poor health among adults aged >= 18 years with arthritis,27.6,61.288254,-148.716968,"{""type"":""Point"", ""coordinates"":[-148.716968,61.288254]}",very low
2014,AK,Alaska,Arthritis,Fair or poor health among adults aged >= 18 years with arthritis,25.2,61.288254,-148.716968,"{""type"":""Point"", ""coordinates"":[-148.716968,61.288254]}",very low
2015,AK,Alaska,Arthritis,Fair or poor health among adults aged >= 18 years with arthritis,30.3,61.288254,-148.716968,"{""type"":""Point"", ""coordinates"":[-148.716968,61.288254]}",low
2013,AK,Alaska,Arthritis,Fair or poor health among adults aged >= 18 years with arthritis,30.6,61.288254,-148.716968,"{""type"":""Point"", ""coordinates"":[-148.716968,61.288254]}",low
2016,NC,North Carolina,Arthritis,Fair or poor health among adults aged >= 18 years with arthritis,36.9,35.553334,-79.667654,"{""type"":""Point"", ""coordinates"":[-79.667654,35.553334]}",high
2014,NC,North Carolina,Arthritis,Fair or poor health among adults aged >= 18 years with arthritis,36.6,35.553334,-79.667654,"{""type"":""Point"", ""coordinates"":[-79.667654,35.553334]}",high
2013,NC,North Carolina,Arthritis,Fair or poor health among adults aged >= 18 years with arthritis,38.6,35.553334,-79.667654,"{""type"":""Point"", ""coordinates"":[-79.667654,35.553334]}",very high
2016,NC,North Carolina,Arthritis,Fair or poor health among adults aged >= 18 years with arthritis,32.8,35.553334,-79.667654,"{""type"":""Point"", ""coordinates"":[-79.667654,35.553334]}",middle
2015,NC,North Carolina,Arthritis,Fair or poor health among adults aged >= 18 years with arthritis,38.7,35.553334,-79.667654,"{""type"":""Point"", ""coordinates"":[-79.667654,35.553334]}",very high
2014,NC,North Carolina,Arthritis,Fair or poor health among adults aged >= 18 years with arthritis,34.9,35.553334,-79.667654,"{""type"":""Point"", ""coordinates"":[-79.667654,35.553334]}",high
2017,NC,North Carolina,Arthritis,Fair or poor health among adults aged >= 18 years with arthritis,38.6,35.553334,-79.667654,"{""type"":""Point"", ""coordinates"":[-79.667654,35.553334]}",very high
2015,NC,North Carolina,Arthritis,Fair or poor health among adults aged >= 18 years with arthritis,31.9,35.553334,-79.667654,"{""type"":""Point"", ""coordinates"":[-79.667654,35.553334]}",middle
2013,NC,North Carolina,Arthritis,Fair or poor health among adults aged >= 18 years with arthritis,38.5,35.553334,-79.667654,"{""type"":""Point"", ""coordinates"":[-79.667654,35.553334]}",very high
2017,NC,North Carolina,Arthritis,Fair or poor health among adults aged >= 18 years with arthritis,40.0,35.553334,-79.667654,"{""type"":""Point"", ""coordinates"":[-79.667654,35.553334]}",very high
2013,RI,Rhode Island,Arthritis,Fair or poor health among adults aged >= 18 years with arthritis,31.8,41.753318,-71.448902,"{""type"":""Point"", ""coordinates"":[-71.448902,41.753318]}",middle
2016,RI,Rhode Island,Arthritis,Fair or poor health among adults aged >= 18 years with arthritis,29.8,41.753318,-71.448902,"{""type"":""Point"", ""coordinates"":[-71.448902,41.753318]}",low
2015,RI,Rhode Island,Arthritis,Fair or poor health among adults aged >= 18 years with arthritis,28.5,41.753318,-71.448902,"{""type"":""Point"", ""coordinates"":[-71.448902,41.753318]}",very low
2017,RI,Rhode Island,Arthritis,Fair or poor health among adults aged >= 18 years with arthritis,34.8,41.753318,-71.448902,"{""type"":""Point"", ""coordinates"":[-71.448902,41.753318]}",high
2014,RI,Rhode Island,Arthritis,Fair or poor health among adults aged >= 18 years with arthritis,28.8,41.753318,-71.448902,"{""type"":""Point"", ""coordinates"":[-71.448902,41.753318]}",low
2013,RI,Rhode Island,Arthritis,Fair or poor health among adults aged >= 18 years with arthritis,29.2,41.753318,-71.448902,"{""type"":""Point"", ""coordinates"":[-71.448902,41.753318]}",low
2017,RI,Rhode Island,Arthritis,Fair or poor health among adults aged >= 18 years with arthritis,30.1,41.753318,-71.448902,"{""type"":""Point"", ""coordinates"":[-71.448902,41.753318]}",low
2015,RI,Rhode Island,Arthritis,Fair or poor health among adults aged >= 18 years with arthritis,29.7,41.753318,-71.448902,"{""type"":""Point"", ""coordinates"":[-71.448902,41.753318]}",low
2014,RI,Rhode Island,Arthritis,Fair or poor health among adults aged >= 18 years with arthritis,29.6,41.753318,-71.448902,"{""type"":""Point"", ""coordinates"":[-71.448902,41.753318]}",low
2016,RI,Rhode Island,Arthritis,Fair or poor health among adults aged >= 18 years with arthritis,31.6,41.753318,-71.448902,"{""type"":""Point"", ""coordinates"":[-71.448902,41.753318]}",middle
2014,MI,Michigan,Arthritis,Fair or poor health among adults aged >= 18 years with arthritis,31.7,42.866412,-84.170753,"{""type"":""Point"", ""coordinates"":[-84.170753,42.866412]}",middle
2016,MI,Michigan,Arthritis,Fair or poor health among adults aged >= 18 years with arthritis,33.7,42.866412,-84.170753,"{""type"":""Point"", ""coordinates"":[-84.170753,42.866412]}",middle
2013,MI,Michigan,Arthritis,Fair or poor health among adults aged >= 18 years with arthritis,31.4,42.866412,-84.170753,"{""type"":""Point"", ""coordinates"":[-84.170753,42.866412]}",middle
2016,MI,Michigan,Arthritis,Fair or poor health among adults aged >= 18 years with arthritis,33.3,42.866412,-84.170753,"{""type"":""Point"", ""coordinates"":[-84.170753,42.866412]}",middle
2015,MI,Michigan,Arthritis,Fair or poor health among adults aged >= 18 years with arthritis,31.6,42.866412,-84.170753,"{""type"":""Point"", ""coordinates"":[-84.170753,42.866412]}",middle
2014,MI,Michigan,Arthritis,Fair or poor health among adults aged >= 18 years with arthritis,29.7,42.866412,-84.170753,"{""type"":""Point"", ""coordinates"":[-84.170753,42.866412]}",low
2017,MI,Michigan,Arthritis,Fair or poor health among adults aged >= 18 years with arthritis,35.5,42.866412,-84.170753,"{""type"":""Point"", ""coordinates"":[-84.170753,42.866412]}",high
2015,MI,Michigan,Arthritis,Fair or poor health among adults aged >= 18 years with arthritis,29.7,42.866412,-84.170753,"{""type"":""Point"", ""coordinates"":[-84.170753,42.866412]}",low
2013,MI,Michigan,Arthritis,Fair or poor health among adults aged >= 18 years with arthritis,31.6,42.866412,-84.170753,"{""type"":""Point"", ""coordinates"":[-84.170753,42.866412]}",middle
2017,MI,Michigan,Arthritis,Fair or poor health among adults aged >= 18 years with arthritis,36.2,42.866412,-84.170753,"{""type"":""Point"", ""coordinates"":[-84.170753,42.866412]}",high
2015,IA,Iowa,Arthritis,Fair or poor health among adults aged >= 18 years with arthritis,27.1,41.960392,-93.049161,"{""type"":""Point"", ""coordinates"":[-93.049161,41.960392]}",very low
2013,IA,Iowa,Arthritis,Fair or poor health among adults aged >= 18 years with arthritis,29.3,41.960392,-93.049161,"{""type"":""Point"", ""coordinates"":[-93.049161,41.960392]}",low
2017,IA,Iowa,Arthritis,Fair or poor health among adults aged >= 18 years with arthritis,28.9,41.960392,-93.049161,"{""type"":""Point"", ""coordinates"":[-93.049161,41.960392]}",low
2016,IA,Iowa,Arthritis,Fair or poor health among adults aged >= 18 years with arthritis,26.0,41.960392,-93.049161,"{""type"":""Point"", ""coordinates"":[-93.049161,41.960392]}",very low
2016,IA,Iowa,Arthritis,Fair or poor health among adults aged >= 18 years with arthritis,28.0,41.960392,-93.049161,"{""type"":""Point"", ""coordinates"":[-93.049161,41.960392]}",very low
2014,IA,Iowa,Arthritis,Fair or poor health among adults aged >= 18 years with arthritis,27.7,41.960392,-93.049161,"{""type"":""Point"", ""coordinates"":[-93.049161,41.960392]}",very low
2013,IA,Iowa,Arthritis,Fair or poor health among adults aged >= 18 years with arthritis,29.9,41.960392,-93.049161,"{""type"":""Point"", ""coordinates"":[-93.049161,41.960392]}",low
2014,IA,Iowa,Arthritis,Fair or poor health among adults aged >= 18 years with arthritis,28.3,41.960392,-93.049161,"{""type"":""Point"", ""coordinates"":[-93.049161,41.960392]}",very low
2017,IA,Iowa,Arthritis,Fair or poor health among adults aged >= 18 years with arthritis,27.7,41.960392,-93.049161,"{""type"":""Point"", ""coordinates"":[-93.049161,41.960392]}",very low
2015,IA,Iowa,Arthritis,Fair or poor health among adults aged >= 18 years with arthritis,26.3,41.960392,-93.049161,"{""type"":""Point"", ""coordinates"":[-93.049161,41.960392]}",very low
2013,NM,New Mexico,Arthritis,Fair or poor health among adults aged >= 18 years with arthritis,39.1,34.623012,-106.342108,"{""type"":""Point"", ""coordinates"":[-106.342108,34.623012]}",very high
2016,NM,New Mexico,Arthritis,Fair or poor health among adults aged >= 18 years with arthritis,38.4,34.623012,-106.342108,"{""type"":""Point"", ""coordinates"":[-106.342108,34.623012]}",very high
2014,NM,New Mexico,Arthritis,Fair or poor health among adults aged >= 18 years with arthritis,35.5,34.623012,-106.342108,"{""type"":""Point"", ""coordinates"":[-106.342108,34.623012]}",high
2013,NM,New Mexico,Arthritis,Fair or poor health among adults aged >= 18 years with arthritis,38.7,34.623012,-106.342108,"{""type"":""Point"", ""coordinates"":[-106.342108,34.623012]}",very high
2017,NM,New Mexico,Arthritis,Fair or poor health among adults aged >= 18 years with arthritis,40.9,34.623012,-106.342108,"{""type"":""Point"", ""coordinates"":[-106.342108,34.623012]}",very high
2015,NM,New Mexico,Arthritis,Fair or poor health among adults aged >= 18 years with arthritis,39.4,34.623012,-106.342108,"{""type"":""Point"", ""coordinates"":[-106.342108,34.623012]}",very high
2016,NM,New Mexico,Arthritis,Fair or poor health among adults aged >= 18 years with arthritis,40.1,34.623012,-106.342108,"{""type"":""Point"", ""coordinates"":[-106.342108,34.623012]}",very high
2014,NM,New Mexico,Arthritis,Fair or poor health among adults aged >= 18 years with arthritis,38.3,34.623012,-106.342108,"{""type"":""Point"", ""coordinates"":[-106.342108,34.623012]}",high
2017,NM,New Mexico,Arthritis,Fair or poor health among adults aged >= 18 years with arthritis,41.0,34.623012,-106.342108,"{""type"":""Point"", ""coordinates"":[-106.342108,34.623012]}",very high
2015,NM,New Mexico,Arthritis,Fair or poor health among adults aged >= 18 years with arthritis,37.8,34.623012,-106.342108,"{""type"":""Point"", ""coordinates"":[-106.342108,34.623012]}",high
2014,IL,Illinois,Arthritis,Fair or poor health among adults aged >= 18 years with arthritis,33.3,41.278216,-88.380238,"{""type"":""Point"", ""coordinates"":[-88.380238,41.278216]}",middle
2017,IL,Illinois,Arthritis,Fair or poor health among adults aged >= 18 years with arthritis,32.6,41.278216,-88.380238,"{""type"":""Point"", ""coordinates"":[-88.380238,41.278216]}",middle
2016,IL,Illinois,Arthritis,Fair or poor health among adults aged >= 18 years with arthritis,33.2,41.278216,-88.380238,"{""type"":""Point"", ""coordinates"":[-88.380238,41.278216]}",middle
2015,IL,Illinois,Arthritis,Fair or poor health among adults aged >= 18 years with arthritis,32.3,41.278216,-88.380238,"{""type"":""Point"", ""coordinates"":[-88.380238,41.278216]}",middle
2013,IL,Illinois,Arthritis,Fair or poor health among adults aged >= 18 years with arthritis,33.6,41.278216,-88.380238,"{""type"":""Point"", ""coordinates"":[-88.380238,41.278216]}",middle
2015,IL,Illinois,Arthritis,Fair or poor health among adults aged >= 18 years with arthritis,29.4,41.278216,-88.380238,"{""type"":""Point"", ""coordinates"":[-88.380238,41.278216]}",low
2017,IL,Illinois,Arthritis,Fair or poor health among adults aged >= 18 years with arthritis,29.0,41.278216,-88.380238,"{""type"":""Point"", ""coordinates"":[-88.380238,41.278216]}",low
2013,IL,Illinois,Arthritis,Fair or poor health among adults aged >= 18 years with arthritis,31.5,41.278216,-88.380238,"{""type"":""Point"", ""coordinates"":[-88.380238,41.278216]}",middle
2014,IL,Illinois,Arthritis,Fair or poor health among adults aged >= 18 years with arthritis,32.8,41.278216,-88.380238,"{""type"":""Point"", ""coordinates"":[-88.380238,41.278216]}",middle
2016,IL,Illinois,Arthritis,Fair or poor health among adults aged >= 18 years with arthritis,33.3,41.278216,-88.380238,"{""type"":""Point"", ""coordinates"":[-88.380238,41.278216]}",middle
2015,WV,West Virginia,Arthritis,Fair or poor health among adults aged >= 18 years with arthritis,40.4,38.767195,-80.820221,"{""type"":""Point"", ""coordinates"":[-80.820221,38.767195]}",very high
2016,WV,West Virginia,Arthritis,Fair or poor health among adults aged >= 18 years with arthritis,43.7,38.767195,-80.820221,"{""type"":""Point"", ""coordinates"":[-80.820221,38.767195]}",very high
2017,WV,West Virginia,Arthritis,Fair or poor health among adults aged >= 18 years with arthritis,39.2,38.767195,-80.820221,"{""type"":""Point"", ""coordinates"":[-80.820221,38.767195]}",very high
2014,WV,West Virginia,Arthritis,Fair or poor health among adults aged >= 18 years with arthritis,42.9,38.767195,-80.820221,"{""type"":""Point"", ""coordinates"":[-80.820221,38.767195]}",very high
2013,WV,West Virginia,Arthritis,Fair or poor health among adults aged >= 18 years with arthritis,38.8,38.767195,-80.820221,"{""type"":""Point"", ""coordinates"":[-80.820221,38.767195]}",very high
2016,WV,West Virginia,Arthritis,Fair or poor health among adults aged >= 18 years with arthritis,42.5,38.767195,-80.820221,"{""type"":""Point"", ""coordinates"":[-80.820221,38.767195]}",very high
2015,WV,West Virginia,Arthritis,Fair or poor health among adults aged >= 18 years with arthritis,45.0,38.767195,-80.820221,"{""type"":""Point"", ""coordinates"":[-80.820221,38.767195]}",very high
2014,WV,West Virginia,Arthritis,Fair or poor health among adults aged >= 18 years with arthritis,37.0,38.767195,-80.820221,"{""type"":""Point"", ""coordinates"":[-80.820221,38.767195]}",high
2017,WV,West Virginia,Arthritis,Fair or poor health among adults aged >= 18 years with arthritis,43.7,38.767195,-80.820221,"{""type"":""Point"", ""coordinates"":[-80.820221,38.767195]}",very high
2013,WV,West Virginia,Arthritis,Fair or poor health among adults aged >= 18 years with arthritis,43.6,38.767195,-80.820221,"{""type"":""Point"", ""coordinates"":[-80.820221,38.767195]}",very high
2013,CO,Colorado,Arthritis,Fair or poor health among adults aged >= 18 years with arthritis,25.5,39.500656,-105.203628,"{""type"":""Point"", ""coordinates"":[-105.203628,39.500656]}",very low
2017,CO,Colorado,Arthritis,Fair or poor health among adults aged >= 18 years with arthritis,28.1,39.500656,-105.203628,"{""type"":""Point"", ""coordinates"":[-105.203628,39.500656]}",very low
2013,CO,Colorado,Arthritis,Fair or poor health among adults aged >= 18 years with arthritis,25.3,39.500656,-105.203628,"{""type"":""Point"", ""coordinates"":[-105.203628,39.500656]}",very low
2014,CO,Colorado,Arthritis,Fair or poor health among adults aged >= 18 years with arthritis,26.9,39.500656,-105.203628,"{""type"":""Point"", ""coordinates"":[-105.203628,39.500656]}",very low
2015,CO,Colorado,Arthritis,Fair or poor health among adults aged >= 18 years with arthritis,31.1,39.500656,-105.203628,"{""type"":""Point"", ""coordinates"":[-105.203628,39.500656]}",middle
2017,CO,Colorado,Arthritis,Fair or poor health among adults aged >= 18 years with arthritis,28.0,39.500656,-105.203628,"{""type"":""Point"", ""coordinates"":[-105.203628,39.500656]}",very low
2014,CO,Colorado,Arthritis,Fair or poor health among adults aged >= 18 years with arthritis,25.8,39.500656,-105.203628,"{""type"":""Point"", ""coordinates"":[-105.203628,39.500656]}",very low
2016,CO,Colorado,Arthritis,Fair or poor health among adults aged >= 18 years with arthritis,28.6,39.500656,-105.203628,"{""type"":""Point"", ""coordinates"":[-105.203628,39.500656]}",very low
2016,CO,Colorado,Arthritis,Fair or poor health among adults aged >= 18 years with arthritis,31.0,39.500656,-105.203628,"{""type"":""Point"", ""coordinates"":[-105.203628,39.500656]}",middle
2015,CO,Colorado,Arthritis,Fair or poor health among adults aged >= 18 years with arthritis,28.4,39.500656,-105.203628,"{""type"":""Point"", ""coordinates"":[-105.203628,39.500656]}",very low
2013,DE,Delaware,Arthritis,Fair or poor health among adults aged >= 18 years with arthritis,32.4,39.397164,-75.561908,"{""type"":""Point"", ""coordinates"":[-75.561908,39.397164]}",middle
2014,DE,Delaware,Arthritis,Fair or poor health among adults aged >= 18 years with arthritis,26.7,39.397164,-75.561908,"{""type"":""Point"", ""coordinates"":[-75.561908,39.397164]}",very low
2014,DE,Delaware,Arthritis,Fair or poor health among adults aged >= 18 years with arthritis,29.8,39.397164,-75.561908,"{""type"":""Point"", ""coordinates"":[-75.561908,39.397164]}",low
2016,DE,Delaware,Arthritis,Fair or poor health among adults aged >= 18 years with arthritis,30.9,39.397164,-75.561908,"{""type"":""Point"", ""coordinates"":[-75.561908,39.397164]}",middle
2015,DE,Delaware,Arthritis,Fair or poor health among adults aged >= 18 years with arthritis,31.5,39.397164,-75.561908,"{""type"":""Point"", ""coordinates"":[-75.561908,39.397164]}",middle
2016,DE,Delaware,Arthritis,Fair or poor health among adults aged >= 18 years with arthritis,27.9,39.397164,-75.561908,"{""type"":""Point"", ""coordinates"":[-75.561908,39.397164]}",very low
2017,DE,Delaware,Arthritis,Fair or poor health among adults aged >= 18 years with arthritis,32.8,39.397164,-75.561908,"{""type"":""Point"", ""coordinates"":[-75.561908,39.397164]}",middle
2013,DE,Delaware,Arthritis,Fair or poor health among adults aged >= 18 years with arthritis,33.4,39.397164,-75.561908,"{""type"":""Point"", ""coordinates"":[-75.561908,39.397164]}",middle
2017,DE,Delaware,Arthritis,Fair or poor health among adults aged >= 18 years with arthritis,29.6,39.397164,-75.561908,"{""type"":""Point"", ""coordinates"":[-75.561908,39.397164]}",low
2015,DE,Delaware,Arthritis,Fair or poor health among adults aged >= 18 years with arthritis,29.7,39.397164,-75.561908,"{""type"":""Point"", ""coordinates"":[-75.561908,39.397164]}",low
2014,MO,Missouri,Arthritis,Fair or poor health among adults aged >= 18 years with arthritis,34.6,38.437715,-92.15377,"{""type"":""Point"", ""coordinates"":[-92.15377,38.437715]}",high
2016,MO,Missouri,Arthritis,Fair or poor health among adults aged >= 18 years with arthritis,35.1,38.437715,-92.15377,"{""type"":""Point"", ""coordinates"":[-92.15377,38.437715]}",high
2013,MO,Missouri,Arthritis,Fair or poor health among adults aged >= 18 years with arthritis,34.2,38.437715,-92.15377,"{""type"":""Point"", ""coordinates"":[-92.15377,38.437715]}",high
2017,MO,Missouri,Arthritis,Fair or poor health among adults aged >= 18 years with arthritis,36.7,38.437715,-92.15377,"{""type"":""Point"", ""coordinates"":[-92.15377,38.437715]}",high
2015,MO,Missouri,Arthritis,Fair or poor health among adults aged >= 18 years with arthritis,35.2,38.437715,-92.15377,"{""type"":""Point"", ""coordinates"":[-92.15377,38.437715]}",high
2017,MO,Missouri,Arthritis,Fair or poor health among adults aged >= 18 years with arthritis,37.4,38.437715,-92.15377,"{""type"":""Point"", ""coordinates"":[-92.15377,38.437715]}",high
2013,MO,Missouri,Arthritis,Fair or poor health among adults aged >= 18 years with arthritis,35.5,38.437715,-92.15377,"{""type"":""Point"", ""coordinates"":[-92.15377,38.437715]}",high
2015,MO,Missouri,Arthritis,Fair or poor health among adults aged >= 18 years with arthritis,36.0,38.437715,-92.15377,"{""type"":""Point"", ""coordinates"":[-92.15377,38.437715]}",high
2014,MO,Missouri,Arthritis,Fair or poor health among adults aged >= 18 years with arthritis,31.2,38.437715,-92.15377,"{""type"":""Point"", ""coordinates"":[-92.15377,38.437715]}",middle
2016,MO,Missouri,Arthritis,Fair or poor health among adults aged >= 18 years with arthritis,35.7,38.437715,-92.15377,"{""type"":""Point"", ""coordinates"":[-92.15377,38.437715]}",high
2015,KY,Kentucky,Arthritis,Fair or poor health among adults aged >= 18 years with arthritis,35.9,37.808159,-85.241819,"{""type"":""Point"", ""coordinates"":[-85.241819,37.808159]}",high
2017,KY,Kentucky,Arthritis,Fair or poor health among adults aged >= 18 years with arthritis,43.2,37.808159,-85.241819,"{""type"":""Point"", ""coordinates"":[-85.241819,37.808159]}",very high
2013,KY,Kentucky,Arthritis,Fair or poor health among adults aged >= 18 years with arthritis,39.7,37.808159,-85.241819,"{""type"":""Point"", ""coordinates"":[-85.241819,37.808159]}",very high
2016,KY,Kentucky,Arthritis,Fair or poor health among adults aged >= 18 years with arthritis,39.1,37.808159,-85.241819,"{""type"":""Point"", ""coordinates"":[-85.241819,37.808159]}",very high
2015,KY,Kentucky,Arthritis,Fair or poor health among adults aged >= 18 years with arthritis,41.4,37.808159,-85.241819,"{""type"":""Point"", ""coordinates"":[-85.241819,37.808159]}",very high
2017,KY,Kentucky,Arthritis,Fair or poor health among adults aged >= 18 years with arthritis,47.1,37.808159,-85.241819,"{""type"":""Point"", ""coordinates"":[-85.241819,37.808159]}",very high
2014,KY,Kentucky,Arthritis,Fair or poor health among adults aged >= 18 years with arthritis,44.0,37.808159,-85.241819,"{""type"":""Point"", ""coordinates"":[-85.241819,37.808159]}",very high
2013,KY,Kentucky,Arthritis,Fair or poor health among adults aged >= 18 years with arthritis,43.2,37.808159,-85.241819,"{""type"":""Point"", ""coordinates"":[-85.241819,37.808159]}",very high
2016,KY,Kentucky,Arthritis,Fair or poor health among adults aged >= 18 years with arthritis,43.5,37.808159,-85.241819,"{""type"":""Point"", ""coordinates"":[-85.241819,37.808159]}",very high
2014,KY,Kentucky,Arthritis,Fair or poor health among adults aged >= 18 years with arthritis,44.5,37.808159,-85.241819,"{""type"":""Point"", ""coordinates"":[-85.241819,37.808159]}",very high
2015,AL,Alabama,Arthritis,Fair or poor health among adults aged >= 18 years with arthritis,37.7,33.001471,-86.766233,"{""type"":""Point"", ""coordinates"":[-86.766233,33.001471]}",high
2017,AL,Alabama,Arthritis,Fair or poor health among adults aged >= 18 years with arthritis,37.5,33.001471,-86.766233,"{""type"":""Point"", ""coordinates"":[-86.766233,33.001471]}",high
2013,AL,Alabama,Arthritis,Fair or poor health among adults aged >= 18 years with arthritis,39.3,33.001471,-86.766233,"{""type"":""Point"", ""coordinates"":[-86.766233,33.001471]}",very high
2013,AL,Alabama,Arthritis,Fair or poor health among adults aged >= 18 years with arthritis,44.3,33.001471,-86.766233,"{""type"":""Point"", ""coordinates"":[-86.766233,33.001471]}",very high
2015,AL,Alabama,Arthritis,Fair or poor health among adults aged >= 18 years with arthritis,41.7,33.001471,-86.766233,"{""type"":""Point"", ""coordinates"":[-86.766233,33.001471]}",very high
2017,AL,Alabama,Arthritis,Fair or poor health among adults aged >= 18 years with arthritis,42.3,33.001471,-86.766233,"{""type"":""Point"", ""coordinates"":[-86.766233,33.001471]}",very high
2016,AL,Alabama,Arthritis,Fair or poor health among adults aged >= 18 years with arthritis,40.3,33.001471,-86.766233,"{""type"":""Point"", ""coordinates"":[-86.766233,33.001471]}",very high
2014,AL,Alabama,Arthritis,Fair or poor health among adults aged >= 18 years with arthritis,36.4,33.001471,-86.766233,"{""type"":""Point"", ""coordinates"":[-86.766233,33.001471]}",high
2016,AL,Alabama,Arthritis,Fair or poor health among adults aged >= 18 years with arthritis,41.4,33.001471,-86.766233,"{""type"":""Point"", ""coordinates"":[-86.766233,33.001471]}",very high
2014,AL,Alabama,Arthritis,Fair or poor health among adults aged >= 18 years with arthritis,41.9,33.001471,-86.766233,"{""type"":""Point"", ""coordinates"":[-86.766233,33.001471]}",very high
2017,CT,Connecticut,Arthritis,Fair or poor health among adults aged >= 18 years with arthritis,28.3,41.494852,-72.874365,"{""type"":""Point"", ""coordinates"":[-72.874365,41.494852]}",very low
2016,CT,Connecticut,Arthritis,Fair or poor health among adults aged >= 18 years with arthritis,34.2,41.494852,-72.874365,"{""type"":""Point"", ""coordinates"":[-72.874365,41.494852]}",high
2013,CT,Connecticut,Arthritis,Fair or poor health among adults aged >= 18 years with arthritis,25.9,41.494852,-72.874365,"{""type"":""Point"", ""coordinates"":[-72.874365,41.494852]}",very low
2015,CT,Connecticut,Arthritis,Fair or poor health among adults aged >= 18 years with arthritis,28.3,41.494852,-72.874365,"{""type"":""Point"", ""coordinates"":[-72.874365,41.494852]}",very low
2014,CT,Connecticut,Arthritis,Fair or poor health among adults aged >= 18 years with arthritis,32.3,41.494852,-72.874365,"{""type"":""Point"", ""coordinates"":[-72.874365,41.494852]}",middle
2017,CT,Connecticut,Arthritis,Fair or poor health among adults aged >= 18 years with arthritis,29.4,41.494852,-72.874365,"{""type"":""Point"", ""coordinates"":[-72.874365,41.494852]}",low
2013,CT,Connecticut,Arthritis,Fair or poor health among adults aged >= 18 years with arthritis,24.3,41.494852,-72.874365,"{""type"":""Point"", ""coordinates"":[-72.874365,41.494852]}",very low
2015,CT,Connecticut,Arthritis,Fair or poor health among adults aged >= 18 years with arthritis,30.1,41.494852,-72.874365,"{""type"":""Point"", ""coordinates"":[-72.874365,41.494852]}",low
2016,CT,Connecticut,Arthritis,Fair or poor health among adults aged >= 18 years with arthritis,28.1,41.494852,-72.874365,"{""type"":""Point"", ""coordinates"":[-72.874365,41.494852]}",very low
2014,CT,Connecticut,Arthritis,Fair or poor health among adults aged >= 18 years with arthritis,28.2,41.494852,-72.874365,"{""type"":""Point"", ""coordinates"":[-72.874365,41.494852]}",very low
2017,OH,Ohio,Arthritis,Fair or poor health among adults aged >= 18 years with arthritis,35.3,40.480854,-82.749366,"{""type"":""Point"", ""coordinates"":[-82.749366,40.480854]}",high
2013,OH,Ohio,Arthritis,Fair or poor health among adults aged >= 18 years with arthritis,33.1,40.480854,-82.749366,"{""type"":""Point"", ""coordinates"":[-82.749366,40.480854]}",middle
2015,OH,Ohio,Arthritis,Fair or poor health among adults aged >= 18 years with arthritis,33.9,40.480854,-82.749366,"{""type"":""Point"", ""coordinates"":[-82.749366,40.480854]}",high
2013,OH,Ohio,Arthritis,Fair or poor health among adults aged >= 18 years with arthritis,33.7,40.480854,-82.749366,"{""type"":""Point"", ""coordinates"":[-82.749366,40.480854]}",middle
2017,OH,Ohio,Arthritis,Fair or poor health among adults aged >= 18 years with arthritis,34.9,40.480854,-82.749366,"{""type"":""Point"", ""coordinates"":[-82.749366,40.480854]}",high
2016,OH,Ohio,Arthritis,Fair or poor health among adults aged >= 18 years with arthritis,36.3,40.480854,-82.749366,"{""type"":""Point"", ""coordinates"":[-82.749366,40.480854]}",high
2015,OH,Ohio,Arthritis,Fair or poor health among adults aged >= 18 years with arthritis,34.0,40.480854,-82.749366,"{""type"":""Point"", ""coordinates"":[-82.749366,40.480854]}",high
2014,OH,Ohio,Arthritis,Fair or poor health among adults aged >= 18 years with arthritis,34.4,40.480854,-82.749366,"{""type"":""Point"", ""coordinates"":[-82.749366,40.480854]}",high
2014,OH,Ohio,Arthritis,Fair or poor health among adults aged >= 18 years with arthritis,34.1,40.480854,-82.749366,"{""type"":""Point"", ""coordinates"":[-82.749366,40.480854]}",high
2016,OH,Ohio,Arthritis,Fair or poor health among adults aged >= 18 years with arthritis,34.0,40.480854,-82.749366,"{""type"":""Point"", ""coordinates"":[-82.749366,40.480854]}",high
2013,AR,Arkansas,Arthritis,Fair or poor health among adults aged >= 18 years with arthritis,44.6,35.080251,-92.576816,"{""type"":""Point"", ""coordinates"":[-92.576816,35.080251]}",very high
2015,AR,Arkansas,Arthritis,Fair or poor health among adults aged >= 18 years with arthritis,44.7,35.080251,-92.576816,"{""type"":""Point"", ""coordinates"":[-92.576816,35.080251]}",very high
2017,AR,Arkansas,Arthritis,Fair or poor health among adults aged >= 18 years with arthritis,44.4,35.080251,-92.576816,"{""type"":""Point"", ""coordinates"":[-92.576816,35.080251]}",very high
2016,AR,Arkansas,Arthritis,Fair or poor health among adults aged >= 18 years with arthritis,45.3,35.080251,-92.576816,"{""type"":""Point"", ""coordinates"":[-92.576816,35.080251]}",very high
2017,AR,Arkansas,Arthritis,Fair or poor health among adults aged >= 18 years with arthritis,45.4,35.080251,-92.576816,"{""type"":""Point"", ""coordinates"":[-92.576816,35.080251]}",very high
2014,AR,Arkansas,Arthritis,Fair or poor health among adults aged >= 18 years with arthritis,43.1,35.080251,-92.576816,"{""type"":""Point"", ""coordinates"":[-92.576816,35.080251]}",very high
2016,AR,Arkansas,Arthritis,Fair or poor health among adults aged >= 18 years with arthritis,44.4,35.080251,-92.576816,"{""type"":""Point"", ""coordinates"":[-92.576816,35.080251]}",very high
2013,AR,Arkansas,Arthritis,Fair or poor health among adults aged >= 18 years with arthritis,43.9,35.080251,-92.576816,"{""type"":""Point"", ""coordinates"":[-92.576816,35.080251]}",very high
2015,AR,Arkansas,Arthritis,Fair or poor health among adults aged >= 18 years with arthritis,39.8,35.080251,-92.576816,"{""type"":""Point"", ""coordinates"":[-92.576816,35.080251]}",very high
2014,AR,Arkansas,Arthritis,Fair or poor health among adults aged >= 18 years with arthritis,43.6,35.080251,-92.576816,"{""type"":""Point"", ""coordinates"":[-92.576816,35.080251]}",very high
2016,NE,Nebraska,Arthritis,Fair or poor health among adults aged >= 18 years with arthritis,29.9,41.183753,-97.403875,"{""type"":""Point"", ""coordinates"":[-97.403875,41.183753]}",low
2014,NE,Nebraska,Arthritis,Fair or poor health among adults aged >= 18 years with arthritis,25.8,41.183753,-97.403875,"{""type"":""Point"", ""coordinates"":[-97.403875,41.183753]}",very low
2015,NE,Nebraska,Arthritis,Fair or poor health among adults aged >= 18 years with arthritis,28.4,41.183753,-97.403875,"{""type"":""Point"", ""coordinates"":[-97.403875,41.183753]}",very low
2014,NE,Nebraska,Arthritis,Fair or poor health among adults aged >= 18 years with arthritis,24.5,41.183753,-97.403875,"{""type"":""Point"", ""coordinates"":[-97.403875,41.183753]}",very low
2017,NE,Nebraska,Arthritis,Fair or poor health among adults aged >= 18 years with arthritis,29.2,41.183753,-97.403875,"{""type"":""Point"", ""coordinates"":[-97.403875,41.183753]}",low
2013,NE,Nebraska,Arthritis,Fair or poor health among adults aged >= 18 years with arthritis,28.6,41.183753,-97.403875,"{""type"":""Point"", ""coordinates"":[-97.403875,41.183753]}",very low
2016,NE,Nebraska,Arthritis,Fair or poor health among adults aged >= 18 years with arthritis,31.5,41.183753,-97.403875,"{""type"":""Point"", ""coordinates"":[-97.403875,41.183753]}",middle
2013,NE,Nebraska,Arthritis,Fair or poor health among adults aged >= 18 years with arthritis,27.5,41.183753,-97.403875,"{""type"":""Point"", ""coordinates"":[-97.403875,41.183753]}",very low
2017,NE,Nebraska,Arthritis,Fair or poor health among adults aged >= 18 years with arthritis,29.8,41.183753,-97.403875,"{""type"":""Point"", ""coordinates"":[-97.403875,41.183753]}",low
2015,NE,Nebraska,Arthritis,Fair or poor health among adults aged >= 18 years with arthritis,26.3,41.183753,-97.403875,"{""type"":""Point"", ""coordinates"":[-97.403875,41.183753]}",very low
2017,OR,Oregon,Arthritis,Fair or poor health among adults aged >= 18 years with arthritis,33.2,44.732273,-122.579524,"{""type"":""Point"", ""coordinates"":[-122.579524,44.732273]}",middle
2014,OR,Oregon,Arthritis,Fair or poor health among adults aged >= 18 years with arthritis,31.0,44.732273,-122.579524,"{""type"":""Point"", ""coordinates"":[-122.579524,44.732273]}",middle
2016,OR,Oregon,Arthritis,Fair or poor health among adults aged >= 18 years with arthritis,29.3,44.732273,-122.579524,"{""type"":""Point"", ""coordinates"":[-122.579524,44.732273]}",low
2013,OR,Oregon,Arthritis,Fair or poor health among adults aged >= 18 years with arthritis,30.6,44.732273,-122.579524,"{""type"":""Point"", ""coordinates"":[-122.579524,44.732273]}",low
2015,OR,Oregon,Arthritis,Fair or poor health among adults aged >= 18 years with arthritis,34.1,44.732273,-122.579524,"{""type"":""Point"", ""coordinates"":[-122.579524,44.732273]}",high
2014,OR,Oregon,Arthritis,Fair or poor health among adults aged >= 18 years with arthritis,36.2,44.732273,-122.579524,"{""type"":""Point"", ""coordinates"":[-122.579524,44.732273]}",high
2016,OR,Oregon,Arthritis,Fair or poor health among adults aged >= 18 years with arthritis,31.9,44.732273,-122.579524,"{""type"":""Point"", ""coordinates"":[-122.579524,44.732273]}",middle
2015,OR,Oregon,Arthritis,Fair or poor health among adults aged >= 18 years with arthritis,32.2,44.732273,-122.579524,"{""type"":""Point"", ""coordinates"":[-122.579524,44.732273]}",middle
2017,OR,Oregon,Arthritis,Fair or poor health among adults aged >= 18 years with arthritis,32.2,44.732273,-122.579524,"{""type"":""Point"", ""coordinates"":[-122.579524,44.732273]}",middle
2013,OR,Oregon,Arthritis,Fair or poor health among adults aged >= 18 years with arthritis,32.7,44.732273,-122.579524,"{""type"":""Point"", ""coordinates"":[-122.579524,44.732273]}",middle
2014,GA,Georgia,Arthritis,Fair or poor health among adults aged >= 18 years with arthritis,39.2,33.332208,-83.868887,"{""type"":""Point"", ""coordinates"":[-83.868887,33.332208]}",very high
2016,GA,Georgia,Arthritis,Fair or poor health among adults aged >= 18 years with arthritis,40.1,33.332208,-83.868887,"{""type"":""Point"", ""coordinates"":[-83.868887,33.332208]}",very high
2014,GA,Georgia,Arthritis,Fair or poor health among adults aged >= 18 years with arthritis,40.8,33.332208,-83.868887,"{""type"":""Point"", ""coordinates"":[-83.868887,33.332208]}",very high
2016,GA,Georgia,Arthritis,Fair or poor health among adults aged >= 18 years with arthritis,38.3,33.332208,-83.868887,"{""type"":""Point"", ""coordinates"":[-83.868887,33.332208]}",high
2017,GA,Georgia,Arthritis,Fair or poor health among adults aged >= 18 years with arthritis,35.5,33.332208,-83.868887,"{""type"":""Point"", ""coordinates"":[-83.868887,33.332208]}",high
2013,GA,Georgia,Arthritis,Fair or poor health among adults aged >= 18 years with arthritis,34.3,33.332208,-83.868887,"{""type"":""Point"", ""coordinates"":[-83.868887,33.332208]}",high
2015,GA,Georgia,Arthritis,Fair or poor health among adults aged >= 18 years with arthritis,31.1,33.332208,-83.868887,"{""type"":""Point"", ""coordinates"":[-83.868887,33.332208]}",middle
2015,GA,Georgia,Arthritis,Fair or poor health among adults aged >= 18 years with arthritis,36.6,33.332208,-83.868887,"{""type"":""Point"", ""coordinates"":[-83.868887,33.332208]}",high
2013,GA,Georgia,Arthritis,Fair or poor health among adults aged >= 18 years with arthritis,36.6,33.332208,-83.868887,"{""type"":""Point"", ""coordinates"":[-83.868887,33.332208]}",high
2017,GA,Georgia,Arthritis,Fair or poor health among adults aged >= 18 years with arthritis,37.3,33.332208,-83.868887,"{""type"":""Point"", ""coordinates"":[-83.868887,33.332208]}",high
2014,AZ,Arizona,Arthritis,Fair or poor health among adults aged >= 18 years with arthritis,35.9,33.373506,-111.828711,"{""type"":""Point"", ""coordinates"":[-111.828711,33.373506]}",high
2016,AZ,Arizona,Arthritis,Fair or poor health among adults aged >= 18 years with arthritis,31.5,33.373506,-111.828711,"{""type"":""Point"", ""coordinates"":[-111.828711,33.373506]}",middle
2017,AZ,Arizona,Arthritis,Fair or poor health among adults aged >= 18 years with arthritis,36.4,33.373506,-111.828711,"{""type"":""Point"", ""coordinates"":[-111.828711,33.373506]}",high
2016,AZ,Arizona,Arthritis,Fair or poor health among adults aged >= 18 years with arthritis,35.2,33.373506,-111.828711,"{""type"":""Point"", ""coordinates"":[-111.828711,33.373506]}",high
2015,AZ,Arizona,Arthritis,Fair or poor health among adults aged >= 18 years with arthritis,33.8,33.373506,-111.828711,"{""type"":""Point"", ""coordinates"":[-111.828711,33.373506]}",high
2014,AZ,Arizona,Arthritis,Fair or poor health among adults aged >= 18 years with arthritis,38.2,33.373506,-111.828711,"{""type"":""Point"", ""coordinates"":[-111.828711,33.373506]}",high
2015,AZ,Arizona,Arthritis,Fair or poor health among adults aged >= 18 years with arthritis,36.6,33.373506,-111.828711,"{""type"":""Point"", ""coordinates"":[-111.828711,33.373506]}",high
2013,AZ,Arizona,Arthritis,Fair or poor health among adults aged >= 18 years with arthritis,27.0,33.373506,-111.828711,"{""type"":""Point"", ""coordinates"":[-111.828711,33.373506]}",very low
2013,AZ,Arizona,Arthritis,Fair or poor health among adults aged >= 18 years with arthritis,32.0,33.373506,-111.828711,"{""type"":""Point"", ""coordinates"":[-111.828711,33.373506]}",middle
2017,AZ,Arizona,Arthritis,Fair or poor health among adults aged >= 18 years with arthritis,37.0,33.373506,-111.828711,"{""type"":""Point"", ""coordinates"":[-111.828711,33.373506]}",high
2016,OK,Oklahoma,Arthritis,Fair or poor health among adults aged >= 18 years with arthritis,39.4,35.59794,-96.834653,"{""type"":""Point"", ""coordinates"":[-96.834653,35.59794]}",very high
2014,OK,Oklahoma,Arthritis,Fair or poor health among adults aged >= 18 years with arthritis,38.4,35.59794,-96.834653,"{""type"":""Point"", ""coordinates"":[-96.834653,35.59794]}",very high
2015,OK,Oklahoma,Arthritis,Fair or poor health among adults aged >= 18 years with arthritis,42.8,35.59794,-96.834653,"{""type"":""Point"", ""coordinates"":[-96.834653,35.59794]}",very high
2013,OK,Oklahoma,Arthritis,Fair or poor health among adults aged >= 18 years with arthritis,40.3,35.59794,-96.834653,"{""type"":""Point"", ""coordinates"":[-96.834653,35.59794]}",very high
2014,OK,Oklahoma,Arthritis,Fair or poor health among adults aged >= 18 years with arthritis,35.0,35.59794,-96.834653,"{""type"":""Point"", ""coordinates"":[-96.834653,35.59794]}",high
2016,OK,Oklahoma,Arthritis,Fair or poor health among adults aged >= 18 years with arthritis,39.5,35.59794,-96.834653,"{""type"":""Point"", ""coordinates"":[-96.834653,35.59794]}",very high
2017,OK,Oklahoma,Arthritis,Fair or poor health among adults aged >= 18 years with arthritis,40.2,35.59794,-96.834653,"{""type"":""Point"", ""coordinates"":[-96.834653,35.59794]}",very high
2015,OK,Oklahoma,Arthritis,Fair or poor health among adults aged >= 18 years with arthritis,42.6,35.59794,-96.834653,"{""type"":""Point"", ""coordinates"":[-96.834653,35.59794]}",very high
2013,OK,Oklahoma,Arthritis,Fair or poor health among adults aged >= 18 years with arthritis,39.5,35.59794,-96.834653,"{""type"":""Point"", ""coordinates"":[-96.834653,35.59794]}",very high
2017,OK,Oklahoma,Arthritis,Fair or poor health among adults aged >= 18 years with arthritis,39.3,35.59794,-96.834653,"{""type"":""Point"", ""coordinates"":[-96.834653,35.59794]}",very high
2015,NJ,New Jersey,Arthritis,Fair or poor health among adults aged >= 18 years with arthritis,31.7,40.438458,-74.428055,"{""type"":""Point"", ""coordinates"":[-74.428055,40.438458]}",middle
2016,NJ,New Jersey,Arthritis,Fair or poor health among adults aged >= 18 years with arthritis,28.9,40.438458,-74.428055,"{""type"":""Point"", ""coordinates"":[-74.428055,40.438458]}",low
2013,NJ,New Jersey,Arthritis,Fair or poor health among adults aged >= 18 years with arthritis,32.4,40.438458,-74.428055,"{""type"":""Point"", ""coordinates"":[-74.428055,40.438458]}",middle
2014,NJ,New Jersey,Arthritis,Fair or poor health among adults aged >= 18 years with arthritis,30.8,40.438458,-74.428055,"{""type"":""Point"", ""coordinates"":[-74.428055,40.438458]}",low
2017,NJ,New Jersey,Arthritis,Fair or poor health among adults aged >= 18 years with arthritis,34.8,40.438458,-74.428055,"{""type"":""Point"", ""coordinates"":[-74.428055,40.438458]}",high
2014,NJ,New Jersey,Arthritis,Fair or poor health among adults aged >= 18 years with arthritis,31.5,40.438458,-74.428055,"{""type"":""Point"", ""coordinates"":[-74.428055,40.438458]}",middle
2016,NJ,New Jersey,Arthritis,Fair or poor health among adults aged >= 18 years with arthritis,32.6,40.438458,-74.428055,"{""type"":""Point"", ""coordinates"":[-74.428055,40.438458]}",middle
2017,NJ,New Jersey,Arthritis,Fair or poor health among adults aged >= 18 years with arthritis,38.7,40.438458,-74.428055,"{""type"":""Point"", ""coordinates"":[-74.428055,40.438458]}",very high
2015,NJ,New Jersey,Arthritis,Fair or poor health among adults aged >= 18 years with arthritis,30.1,40.438458,-74.428055,"{""type"":""Point"", ""coordinates"":[-74.428055,40.438458]}",low
2013,NJ,New Jersey,Arthritis,Fair or poor health among adults aged >= 18 years with arthritis,29.7,40.438458,-74.428055,"{""type"":""Point"", ""coordinates"":[-74.428055,40.438458]}",low
2017,WY,Wyoming,Arthritis,Fair or poor health among adults aged >= 18 years with arthritis,31.0,42.675762,-107.008835,"{""type"":""Point"", ""coordinates"":[-107.008835,42.675762]}",middle
2015,WY,Wyoming,Arthritis,Fair or poor health among adults aged >= 18 years with arthritis,30.4,42.675762,-107.008835,"{""type"":""Point"", ""coordinates"":[-107.008835,42.675762]}",low
2013,WY,Wyoming,Arthritis,Fair or poor health among adults aged >= 18 years with arthritis,29.6,42.675762,-107.008835,"{""type"":""Point"", ""coordinates"":[-107.008835,42.675762]}",low
2014,WY,Wyoming,Arthritis,Fair or poor health among adults aged >= 18 years with arthritis,27.4,42.675762,-107.008835,"{""type"":""Point"", ""coordinates"":[-107.008835,42.675762]}",very low
2013,WY,Wyoming,Arthritis,Fair or poor health among adults aged >= 18 years with arthritis,29.0,42.675762,-107.008835,"{""type"":""Point"", ""coordinates"":[-107.008835,42.675762]}",low
2016,WY,Wyoming,Arthritis,Fair or poor health among adults aged >= 18 years with arthritis,28.3,42.675762,-107.008835,"{""type"":""Point"", ""coordinates"":[-107.008835,42.675762]}",very low
2014,WY,Wyoming,Arthritis,Fair or poor health among adults aged >= 18 years with arthritis,24.4,42.675762,-107.008835,"{""type"":""Point"", ""coordinates"":[-107.008835,42.675762]}",very low
2016,WY,Wyoming,Arthritis,Fair or poor health among adults aged >= 18 years with arthritis,29.9,42.675762,-107.008835,"{""type"":""Point"", ""coordinates"":[-107.008835,42.675762]}",low
2015,WY,Wyoming,Arthritis,Fair or poor health among adults aged >= 18 years with arthritis,30.1,42.675762,-107.008835,"{""type"":""Point"", ""coordinates"":[-107.008835,42.675762]}",low
2017,WY,Wyoming,Arthritis,Fair or poor health among adults aged >= 18 years with arthritis,31.0,42.675762,-107.008835,"{""type"":""Point"", ""coordinates"":[-107.008835,42.675762]}",middle
2015,FL,Florida,Arthritis,Fair or poor health among adults aged >= 18 years with arthritis,38.8,27.79585,-81.634622,"{""type"":""Point"", ""coordinates"":[-81.634622,27.79585]}",very high
2017,FL,Florida,Arthritis,Fair or poor health among adults aged >= 18 years with arthritis,39.7,27.79585,-81.634622,"{""type"":""Point"", ""coordinates"":[-81.634622,27.79585]}",very high
2014,FL,Florida,Arthritis,Fair or poor health among adults aged >= 18 years with arthritis,37.0,27.79585,-81.634622,"{""type"":""Point"", ""coordinates"":[-81.634622,27.79585]}",high
2016,FL,Florida,Arthritis,Fair or poor health among adults aged >= 18 years with arthritis,37.1,27.79585,-81.634622,"{""type"":""Point"", ""coordinates"":[-81.634622,27.79585]}",high
2013,FL,Florida,Arthritis,Fair or poor health among adults aged >= 18 years with arthritis,35.8,27.79585,-81.634622,"{""type"":""Point"", ""coordinates"":[-81.634622,27.79585]}",high
2016,FL,Florida,Arthritis,Fair or poor health among adults aged >= 18 years with arthritis,37.8,27.79585,-81.634622,"{""type"":""Point"", ""coordinates"":[-81.634622,27.79585]}",high
2013,FL,Florida,Arthritis,Fair or poor health among adults aged >= 18 years with arthritis,33.4,27.79585,-81.634622,"{""type"":""Point"", ""coordinates"":[-81.634622,27.79585]}",middle
2014,FL,Florida,Arthritis,Fair or poor health among adults aged >= 18 years with arthritis,37.2,27.79585,-81.634622,"{""type"":""Point"", ""coordinates"":[-81.634622,27.79585]}",high
2015,FL,Florida,Arthritis,Fair or poor health among adults aged >= 18 years with arthritis,35.3,27.79585,-81.634622,"{""type"":""Point"", ""coordinates"":[-81.634622,27.79585]}",high
2017,FL,Florida,Arthritis,Fair or poor health among adults aged >= 18 years with arthritis,38.4,27.79585,-81.634622,"{""type"":""Point"", ""coordinates"":[-81.634622,27.79585]}",very high
2015,ME,Maine,Arthritis,Fair or poor health among adults aged >= 18 years with arthritis,34.5,44.313614,-69.719931,"{""type"":""Point"", ""coordinates"":[-69.719931,44.313614]}",high
2017,ME,Maine,Arthritis,Fair or poor health among adults aged >= 18 years with arthritis,33.5,44.313614,-69.719931,"{""type"":""Point"", ""coordinates"":[-69.719931,44.313614]}",middle
2013,ME,Maine,Arthritis,Fair or poor health among adults aged >= 18 years with arthritis,29.2,44.313614,-69.719931,"{""type"":""Point"", ""coordinates"":[-69.719931,44.313614]}",low
2013,ME,Maine,Arthritis,Fair or poor health among adults aged >= 18 years with arthritis,29.5,44.313614,-69.719931,"{""type"":""Point"", ""coordinates"":[-69.719931,44.313614]}",low
2017,ME,Maine,Arthritis,Fair or poor health among adults aged >= 18 years with arthritis,30.5,44.313614,-69.719931,"{""type"":""Point"", ""coordinates"":[-69.719931,44.313614]}",low
2015,ME,Maine,Arthritis,Fair or poor health among adults aged >= 18 years with arthritis,31.0,44.313614,-69.719931,"{""type"":""Point"", ""coordinates"":[-69.719931,44.313614]}",middle
2014,ME,Maine,Arthritis,Fair or poor health among adults aged >= 18 years with arthritis,29.0,44.313614,-69.719931,"{""type"":""Point"", ""coordinates"":[-69.719931,44.313614]}",low
2016,ME,Maine,Arthritis,Fair or poor health among adults aged >= 18 years with arthritis,28.5,44.313614,-69.719931,"{""type"":""Point"", ""coordinates"":[-69.719931,44.313614]}",very low
2014,ME,Maine,Arthritis,Fair or poor health among adults aged >= 18 years with arthritis,30.3,44.313614,-69.719931,"{""type"":""Point"", ""coordinates"":[-69.719931,44.313614]}",low
2016,ME,Maine,Arthritis,Fair or poor health among adults aged >= 18 years with arthritis,29.0,44.313614,-69.719931,"{""type"":""Point"", ""coordinates"":[-69.719931,44.313614]}",low
2014,NH,New Hampshire,Arthritis,Fair or poor health among adults aged >= 18 years with arthritis,27.2,43.153046,-71.463342,"{""type"":""Point"", ""coordinates"":[-71.463342,43.153046]}",very low
2017,NH,New Hampshire,Arthritis,Fair or poor health among adults aged >= 18 years with arthritis,27.5,43.153046,-71.463342,"{""type"":""Point"", ""coordinates"":[-71.463342,43.153046]}",very low
2015,NH,New Hampshire,Arthritis,Fair or poor health among adults aged >= 18 years with arthritis,25.5,43.153046,-71.463342,"{""type"":""Point"", ""coordinates"":[-71.463342,43.153046]}",very low
2013,NH,New Hampshire,Arthritis,Fair or poor health among adults aged >= 18 years with arthritis,24.4,43.153046,-71.463342,"{""type"":""Point"", ""coordinates"":[-71.463342,43.153046]}",very low
2017,NH,New Hampshire,Arthritis,Fair or poor health among adults aged >= 18 years with arthritis,33.1,43.153046,-71.463342,"{""type"":""Point"", ""coordinates"":[-71.463342,43.153046]}",middle
2016,NH,New Hampshire,Arthritis,Fair or poor health among adults aged >= 18 years with arthritis,26.4,43.153046,-71.463342,"{""type"":""Point"", ""coordinates"":[-71.463342,43.153046]}",very low
2014,NH,New Hampshire,Arthritis,Fair or poor health among adults aged >= 18 years with arthritis,27.4,43.153046,-71.463342,"{""type"":""Point"", ""coordinates"":[-71.463342,43.153046]}",very low
2016,NH,New Hampshire,Arthritis,Fair or poor health among adults aged >= 18 years with arthritis,30.7,43.153046,-71.463342,"{""type"":""Point"", ""coordinates"":[-71.463342,43.153046]}",low
2013,NH,New Hampshire,Arthritis,Fair or poor health among adults aged >= 18 years with arthritis,28.7,43.153046,-71.463342,"{""type"":""Point"", ""coordinates"":[-71.463342,43.153046]}",low
2015,NH,New Hampshire,Arthritis,Fair or poor health among adults aged >= 18 years with arthritis,24.4,43.153046,-71.463342,"{""type"":""Point"", ""coordinates"":[-71.463342,43.153046]}",very low
2013,VA,Virginia,Arthritis,Fair or poor health among adults aged >= 18 years with arthritis,33.1,37.750345,-77.835857,"{""type"":""Point"", ""coordinates"":[-77.835857,37.750345]}",middle
2015,VA,Virginia,Arthritis,Fair or poor health among adults aged >= 18 years with arthritis,29.9,37.750345,-77.835857,"{""type"":""Point"", ""coordinates"":[-77.835857,37.750345]}",low
2017,VA,Virginia,Arthritis,Fair or poor health among adults aged >= 18 years with arthritis,34.4,37.750345,-77.835857,"{""type"":""Point"", ""coordinates"":[-77.835857,37.750345]}",high
2013,VA,Virginia,Arthritis,Fair or poor health among adults aged >= 18 years with arthritis,34.3,37.750345,-77.835857,"{""type"":""Point"", ""coordinates"":[-77.835857,37.750345]}",high
2017,VA,Virginia,Arthritis,Fair or poor health among adults aged >= 18 years with arthritis,34.1,37.750345,-77.835857,"{""type"":""Point"", ""coordinates"":[-77.835857,37.750345]}",high
2014,VA,Virginia,Arthritis,Fair or poor health among adults aged >= 18 years with arthritis,31.3,37.750345,-77.835857,"{""type"":""Point"", ""coordinates"":[-77.835857,37.750345]}",middle
2016,VA,Virginia,Arthritis,Fair or poor health among adults aged >= 18 years with arthritis,30.1,37.750345,-77.835857,"{""type"":""Point"", ""coordinates"":[-77.835857,37.750345]}",low
2015,VA,Virginia,Arthritis,Fair or poor health among adults aged >= 18 years with arthritis,30.5,37.750345,-77.835857,"{""type"":""Point"", ""coordinates"":[-77.835857,37.750345]}",low
2014,VA,Virginia,Arthritis,Fair or poor health among adults aged >= 18 years with arthritis,33.2,37.750345,-77.835857,"{""type"":""Point"", ""coordinates"":[-77.835857,37.750345]}",middle
2016,VA,Virginia,Arthritis,Fair or poor health among adults aged >= 18 years with arthritis,31.6,37.750345,-77.835857,"{""type"":""Point"", ""coordinates"":[-77.835857,37.750345]}",middle
2015,MA,Massachusetts,Arthritis,Fair or poor health among adults aged >= 18 years with arthritis,34.1,42.271831,-71.363628,"{""type"":""Point"", ""coordinates"":[-71.363628,42.271831]}",high
2013,MA,Massachusetts,Arthritis,Fair or poor health among adults aged >= 18 years with arthritis,28.2,42.271831,-71.363628,"{""type"":""Point"", ""coordinates"":[-71.363628,42.271831]}",very low
2017,MA,Massachusetts,Arthritis,Fair or poor health among adults aged >= 18 years with arthritis,29.9,42.271831,-71.363628,"{""type"":""Point"", ""coordinates"":[-71.363628,42.271831]}",low
2016,MA,Massachusetts,Arthritis,Fair or poor health among adults aged >= 18 years with arthritis,26.4,42.271831,-71.363628,"{""type"":""Point"", ""coordinates"":[-71.363628,42.271831]}",very low
2017,MA,Massachusetts,Arthritis,Fair or poor health among adults aged >= 18 years with arthritis,29.8,42.271831,-71.363628,"{""type"":""Point"", ""coordinates"":[-71.363628,42.271831]}",low
2013,MA,Massachusetts,Arthritis,Fair or poor health among adults aged >= 18 years with arthritis,26.7,42.271831,-71.363628,"{""type"":""Point"", ""coordinates"":[-71.363628,42.271831]}",very low
2014,MA,Massachusetts,Arthritis,Fair or poor health among adults aged >= 18 years with arthritis,31.7,42.271831,-71.363628,"{""type"":""Point"", ""coordinates"":[-71.363628,42.271831]}",middle
2015,MA,Massachusetts,Arthritis,Fair or poor health among adults aged >= 18 years with arthritis,30.8,42.271831,-71.363628,"{""type"":""Point"", ""coordinates"":[-71.363628,42.271831]}",low
2016,MA,Massachusetts,Arthritis,Fair or poor health among adults aged >= 18 years with arthritis,27.6,42.271831,-71.363628,"{""type"":""Point"", ""coordinates"":[-71.363628,42.271831]}",very low
2014,MA,Massachusetts,Arthritis,Fair or poor health among adults aged >= 18 years with arthritis,29.8,42.271831,-71.363628,"{""type"":""Point"", ""coordinates"":[-71.363628,42.271831]}",low
2014,DC,District of Columbia,Arthritis,Fair or poor health among adults aged >= 18 years with arthritis,29.3,38.910092,-77.014001,"{""type"":""Point"", ""coordinates"":[-77.014001,38.910092]}",low
2016,DC,District of Columbia,Arthritis,Fair or poor health among adults aged >= 18 years with arthritis,23.5,38.910092,-77.014001,"{""type"":""Point"", ""coordinates"":[-77.014001,38.910092]}",very low
2013,DC,District of Columbia,Arthritis,Fair or poor health among adults aged >= 18 years with arthritis,26.8,38.910092,-77.014001,"{""type"":""Point"", ""coordinates"":[-77.014001,38.910092]}",very low
2017,DC,District of Columbia,Arthritis,Fair or poor health among adults aged >= 18 years with arthritis,31.4,38.910092,-77.014001,"{""type"":""Point"", ""coordinates"":[-77.014001,38.910092]}",middle
2015,DC,District of Columbia,Arthritis,Fair or poor health among adults aged >= 18 years with arthritis,31.1,38.910092,-77.014001,"{""type"":""Point"", ""coordinates"":[-77.014001,38.910092]}",middle
2017,DC,District of Columbia,Arthritis,Fair or poor health among adults aged >= 18 years with arthritis,30.3,38.910092,-77.014001,"{""type"":""Point"", ""coordinates"":[-77.014001,38.910092]}",low
2015,DC,District of Columbia,Arthritis,Fair or poor health among adults aged >= 18 years with arthritis,27.9,38.910092,-77.014001,"{""type"":""Point"", ""coordinates"":[-77.014001,38.910092]}",very low
2013,DC,District of Columbia,Arthritis,Fair or poor health among adults aged >= 18 years with arthritis,32.3,38.910092,-77.014001,"{""type"":""Point"", ""coordinates"":[-77.014001,38.910092]}",middle
2016,DC,District of Columbia,Arthritis,Fair or poor health among adults aged >= 18 years with arthritis,29.5,38.910092,-77.014001,"{""type"":""Point"", ""coordinates"":[-77.014001,38.910092]}",low
2014,DC,District of Columbia,Arthritis,Fair or poor health among adults aged >= 18 years with arthritis,32.5,38.910092,-77.014001,"{""type"":""Point"", ""coordinates"":[-77.014001,38.910092]}",middle
2016,UT,Utah,Arthritis,Fair or poor health among adults aged >= 18 years with arthritis,29.1,40.438987,-111.90016,"{""type"":""Point"", ""coordinates"":[-111.90016,40.438987]}",low
2014,UT,Utah,Arthritis,Fair or poor health among adults aged >= 18 years with arthritis,27.1,40.438987,-111.90016,"{""type"":""Point"", ""coordinates"":[-111.90016,40.438987]}",very low
2013,UT,Utah,Arthritis,Fair or poor health among adults aged >= 18 years with arthritis,28.7,40.438987,-111.90016,"{""type"":""Point"", ""coordinates"":[-111.90016,40.438987]}",low
2016,UT,Utah,Arthritis,Fair or poor health among adults aged >= 18 years with arthritis,28.2,40.438987,-111.90016,"{""type"":""Point"", ""coordinates"":[-111.90016,40.438987]}",very low
2017,UT,Utah,Arthritis,Fair or poor health among adults aged >= 18 years with arthritis,27.3,40.438987,-111.90016,"{""type"":""Point"", ""coordinates"":[-111.90016,40.438987]}",very low
2015,UT,Utah,Arthritis,Fair or poor health among adults aged >= 18 years with arthritis,27.1,40.438987,-111.90016,"{""type"":""Point"", ""coordinates"":[-111.90016,40.438987]}",very low
2014,UT,Utah,Arthritis,Fair or poor health among adults aged >= 18 years with arthritis,27.2,40.438987,-111.90016,"{""type"":""Point"", ""coordinates"":[-111.90016,40.438987]}",very low
2013,UT,Utah,Arthritis,Fair or poor health among adults aged >= 18 years with arthritis,28.6,40.438987,-111.90016,"{""type"":""Point"", ""coordinates"":[-111.90016,40.438987]}",very low
2017,UT,Utah,Arthritis,Fair or poor health among adults aged >= 18 years with arthritis,28.9,40.438987,-111.90016,"{""type"":""Point"", ""coordinates"":[-111.90016,40.438987]}",low
2015,UT,Utah,Arthritis,Fair or poor health among adults aged >= 18 years with arthritis,28.2,40.438987,-111.90016,"{""type"":""Point"", ""coordinates"":[-111.90016,40.438987]}",very low
2013,HI,Hawaii,Arthritis,Fair or poor health among adults aged >= 18 years with arthritis,26.1,21.146768,-157.524452,"{""type"":""Point"", ""coordinates"":[-157.524452,21.146768]}",very low
2015,HI,Hawaii,Arthritis,Fair or poor health among adults aged >= 18 years with arthritis,28.2,21.146768,-157.524452,"{""type"":""Point"", ""coordinates"":[-157.524452,21.146768]}",very low
2017,HI,Hawaii,Arthritis,Fair or poor health among adults aged >= 18 years with arthritis,25.9,21.146768,-157.524452,"{""type"":""Point"", ""coordinates"":[-157.524452,21.146768]}",very low
2014,HI,Hawaii,Arthritis,Fair or poor health among adults aged >= 18 years with arthritis,27.1,21.146768,-157.524452,"{""type"":""Point"", ""coordinates"":[-157.524452,21.146768]}",very low
2016,HI,Hawaii,Arthritis,Fair or poor health among adults aged >= 18 years with arthritis,36.0,21.146768,-157.524452,"{""type"":""Point"", ""coordinates"":[-157.524452,21.146768]}",high
2014,HI,Hawaii,Arthritis,Fair or poor health among adults aged >= 18 years with arthritis,27.5,21.146768,-157.524452,"{""type"":""Point"", ""coordinates"":[-157.524452,21.146768]}",very low
2015,HI,Hawaii,Arthritis,Fair or poor health among adults aged >= 18 years with arthritis,32.6,21.146768,-157.524452,"{""type"":""Point"", ""coordinates"":[-157.524452,21.146768]}",middle
2013,HI,Hawaii,Arthritis,Fair or poor health among adults aged >= 18 years with arthritis,21.7,21.146768,-157.524452,"{""type"":""Point"", ""coordinates"":[-157.524452,21.146768]}",very low
2017,HI,Hawaii,Arthritis,Fair or poor health among adults aged >= 18 years with arthritis,24.4,21.146768,-157.524452,"{""type"":""Point"", ""coordinates"":[-157.524452,21.146768]}",very low
2016,HI,Hawaii,Arthritis,Fair or poor health among adults aged >= 18 years with arthritis,30.5,21.146768,-157.524452,"{""type"":""Point"", ""coordinates"":[-157.524452,21.146768]}",low
2013,CA,California,Arthritis,Fair or poor health among adults aged >= 18 years with arthritis,33.5,35.458606,-119.355165,"{""type"":""Point"", ""coordinates"":[-119.355165,35.458606]}",middle
2017,CA,California,Arthritis,Fair or poor health among adults aged >= 18 years with arthritis,31.8,35.458606,-119.355165,"{""type"":""Point"", ""coordinates"":[-119.355165,35.458606]}",middle
2016,CA,California,Arthritis,Fair or poor health among adults aged >= 18 years with arthritis,31.9,35.458606,-119.355165,"{""type"":""Point"", ""coordinates"":[-119.355165,35.458606]}",middle
2015,CA,California,Arthritis,Fair or poor health among adults aged >= 18 years with arthritis,33.6,35.458606,-119.355165,"{""type"":""Point"", ""coordinates"":[-119.355165,35.458606]}",middle
2014,CA,California,Arthritis,Fair or poor health among adults aged >= 18 years with arthritis,31.4,35.458606,-119.355165,"{""type"":""Point"", ""coordinates"":[-119.355165,35.458606]}",middle
2013,CA,California,Arthritis,Fair or poor health among adults aged >= 18 years with arthritis,33.3,35.458606,-119.355165,"{""type"":""Point"", ""coordinates"":[-119.355165,35.458606]}",middle
2017,CA,California,Arthritis,Fair or poor health among adults aged >= 18 years with arthritis,30.8,35.458606,-119.355165,"{""type"":""Point"", ""coordinates"":[-119.355165,35.458606]}",low
2015,CA,California,Arthritis,Fair or poor health among adults aged >= 18 years with arthritis,29.4,35.458606,-119.355165,"{""type"":""Point"", ""coordinates"":[-119.355165,35.458606]}",low
2016,CA,California,Arthritis,Fair or poor health among adults aged >= 18 years with arthritis,34.5,35.458606,-119.355165,"{""type"":""Point"", ""coordinates"":[-119.355165,35.458606]}",high
2014,CA,California,Arthritis,Fair or poor health among adults aged >= 18 years with arthritis,34.9,35.458606,-119.355165,"{""type"":""Point"", ""coordinates"":[-119.355165,35.458606]}",high
2017,SD,South Dakota,Arthritis,Fair or poor health among adults aged >= 18 years with arthritis,31.5,44.047502,-99.043799,"{""type"":""Point"", ""coordinates"":[-99.043799,44.047502]}",middle
2013,SD,South Dakota,Arthritis,Fair or poor health among adults aged >= 18 years with arthritis,24.7,44.047502,-99.043799,"{""type"":""Point"", ""coordinates"":[-99.043799,44.047502]}",very low
2015,SD,South Dakota,Arthritis,Fair or poor health among adults aged >= 18 years with arthritis,30.2,44.047502,-99.043799,"{""type"":""Point"", ""coordinates"":[-99.043799,44.047502]}",low
2016,SD,South Dakota,Arthritis,Fair or poor health among adults aged >= 18 years with arthritis,29.8,44.047502,-99.043799,"{""type"":""Point"", ""coordinates"":[-99.043799,44.047502]}",low
2014,SD,South Dakota,Arthritis,Fair or poor health among adults aged >= 18 years with arthritis,29.4,44.047502,-99.043799,"{""type"":""Point"", ""coordinates"":[-99.043799,44.047502]}",low
2015,SD,South Dakota,Arthritis,Fair or poor health among adults aged >= 18 years with arthritis,31.6,44.047502,-99.043799,"{""type"":""Point"", ""coordinates"":[-99.043799,44.047502]}",middle
2017,SD,South Dakota,Arthritis,Fair or poor health among adults aged >= 18 years with arthritis,27.5,44.047502,-99.043799,"{""type"":""Point"", ""coordinates"":[-99.043799,44.047502]}",very low
2013,SD,South Dakota,Arthritis,Fair or poor health among adults aged >= 18 years with arthritis,19.3,44.047502,-99.043799,"{""type"":""Point"", ""coordinates"":[-99.043799,44.047502]}",very low
2016,SD,South Dakota,Arthritis,Fair or poor health among adults aged >= 18 years with arthritis,32.0,44.047502,-99.043799,"{""type"":""Point"", ""coordinates"":[-99.043799,44.047502]}",middle
2014,SD,South Dakota,Arthritis,Fair or poor health among adults aged >= 18 years with arthritis,29.4,44.047502,-99.043799,"{""type"":""Point"", ""coordinates"":[-99.043799,44.047502]}",low
